Asterix-Mega Locura-Sony Playstation PSONE PS1 Juego-en muy buena condición!!!;58,53 EUR;+ 11,70 EUR de envío;desde Reino Unido;
PSX PlayStation juego "Asterix & Obelix contra césar";6,95 EUR;+ 4,50 EUR de envío;desde Alemania;
PSX PlayStation juego "Asterix & Obelix contra césar" completamente;9,79 EUR;+ 4,50 EUR de envío;desde Alemania;
Ps2 PlayStation 2-Asterix & Obelix XXL + embalaje original;9,90 EUR;+ 9,00 EUR de envío;desde Alemania;
Asterix & Obelix Colección XXL | PS4 PlayStation 4 Nuevo;49,18 EUR;+ 11,71 EUR de envío;desde Reino Unido;
Asterix SONY PLAYSTATION 1 PS1 PS2 PS3 Juego Con Manual Pal oficiales del Reino Unido;29,27 EUR;+ 16,97 EUR de envío estimado;desde Reino Unido;
Jeu Playstation 1 PS1 VF  Asterix Maxi Delirium avec notice  Envoi rapide suivi;17,49 EUR;+ 12,00 EUR de envío;desde Francia;
Asterix & Obelix XXL romastered | PlayStation 4 PS4 Nuevo;30,44 EUR;+ 11,71 EUR de envío;desde Reino Unido;
Asterix MEGA Locura. PS1 Juego. completa. (PlayStation One, PS2, PS3. PAL);62,96 EUR;+ 14,58 EUR de envío;desde Reino Unido;
Asterix & Obelix XXL: romastered-ps4/PlayStation 4-nuevo con embalaje original-UE versión;32,39 EUR;+ 8,90 EUR de envío;desde Alemania;
Asterix & Obelix xxl3: el cristal-rasgas PlayStation 4 ps4 alemán XXL 3;27,95 EUR;+ 6,90 EUR de envío;desde Alemania;
Asterix Alle Olimpiadi Playstation 2 PS2 / Atari Sigillato 3546430134320;49,90 EUR;+ 15,50 EUR de envío;desde Italia;
Asterix en los Juegos Olímpicos PS2 Play Station 2 Pal ESPAÑOL NUEVO PRECINTADO;79,95 EUR;+ 19,95 EUR de envío;desde España;
Asterix & Obelix XXL 2-misión: las vegum PS2 Playstation 2 En Caja Completa;14,04 EUR;+ 16,69 EUR de envío estimado;desde Reino Unido;
Asterix & Obelix XXL para PlayStation 2/ps2;7,99 EUR;+ 9,99 EUR de envío;desde Alemania;
Asterix & Obelix: XXL 2-Remastered-ps4/PlayStation 4-nuevo con embalaje original-UE;22,39 EUR;+ 6,90 EUR de envío;desde Alemania;
Asterix & Obelix XXL3 Collector's ed. Playstation 4 nuovo;85,99 EUR;+ 34,99 EUR de envío;desde Italia;
Asterix & Obelix XXL 2 | PlayStation 4 PS4 Nuevo;28,11 EUR;+ 11,71 EUR de envío;desde Reino Unido;
Asterix & Obelix XXL 2 (reproducción) | PlayStation 4 PS4 Nuevo;16,39 EUR;+ 11,71 EUR de envío;desde Reino Unido;
Asterix en los Juegos Olímpicos Sony PlayStation 2, 2008 gran condición Libre Post;10,53 EUR;+ 16,63 EUR de envío estimado;desde Reino Unido;
Ps2 Asterix & Obelix XXL Sony Playstation PS 2 juego sólo CD;3,99 EUR;+ 3,70 EUR de envío;desde Alemania;
Asterix & Obelix gegen Cäsar für Sony Playstation / PS1;12,99 EUR;+ 15,10 EUR de envío;desde Austria;
Asterix Playstation 1;4,49 EUR;+ 6,75 EUR de envío;desde Austria;
Asterix & obelix contra césar para PlayStation 1/ps1 #2;4,75 EUR;+ 9,99 EUR de envío;desde Alemania;
Playstation 1 - Asterix - Manual INCLUDED;10,00 EUR;+ 11,00 EUR de envío;desde Países Bajos;
Asterix en los Juegos Olímpicos-Playstation PSTWO PS2 Juego;9,36 EUR;+ 33,17 EUR de envío estimado;desde Reino Unido;
Asterix y Obelix contra César & Playstation PS1 COMPLETO PAL Black Label;11,70 EUR;+ 19,88 EUR de envío estimado;desde Reino Unido;
Asterix Sony Playstation 1 en muy buena condición;40,98 EUR;+ 13,92 EUR de envío;desde Reino Unido;
Jeu Asterix et Obélix pour Sony Playstation PS1 PAL Complet - Floto Games;7,90 EUR;+ 5,00 EUR de envío;desde Francia;
Asterix y Obelix XXL PS2 PLAYSTATION 2 PAL rara completa en muy buena condición Protector De Caja;35,08 EUR;+ 19,22 EUR de envío estimado;desde Reino Unido;
Asterix battaglia dei galli per Playstation 1 ps1 pal funzionante videogioco ita;10,99 EUR;+ 18,00 EUR de envío;desde Italia;
PlayStation 2 ps2 juego-Asterix & Obelix XXL 2 Mission leía vegum + instrucciones;11,69 EUR;+ 9,99 EUR de envío;desde Alemania;
Asterix & Obelix asumir César PLAYSTATION PSONE PS PAL COMPLETA;17,56 EUR;+ 16,76 EUR de envío estimado;desde Reino Unido;
Asterix & Obelix gegen Cäsar für Sony Playstation / PS 1 / PS One;12,99 EUR;+ 15,10 EUR de envío;desde Austria;
Asterix en los Juegos Olímpicos de Playstation 2 PS2 PS 2;22,24 EUR;+ 12,88 EUR de envío;desde Reino Unido;
Asterix und Obelix Take on Caesar-Sony PlayStation 1-PAL-B-Ware;10,23 EUR;+ 0,99 EUR de envío;desde Austria;
Asterix & Obelix XXL - Playstation 2 - PS2;16,96 EUR;+ 19,95 EUR de envío;desde Países Bajos;
Asterix & Obelix XXL 3: el cristal-rasgas-ps4/PlayStation 4-nuevo & o;39,89 EUR;+ 6,90 EUR de envío;desde Alemania;
Asterix: La Bataille Des Gaules - PS1 Complet Version Française PlayStation Sony;24,95 EUR;+ 10,00 EUR de envío;desde Francia;
Asterix - Playstation 1 - PS1;8,46 EUR;+ 19,95 EUR de envío;desde Países Bajos;
Asterix & Obelix asumir César Sony Playstation 1;15,22 EUR;+ 7,48 EUR de envío;desde Reino Unido;
Asterix & Obelix XXL 2 (CIAB) (PlayStation 4);15,22 EUR;+ 4,09 EUR de envío;desde Reino Unido;
