Top Trumps: Dogs & Dinosaurs de Vídeo Juego Para Sony PlayStation PS2 Pal probado;4,66 EUR;+ 16,47 EUR de envío estimado;desde Reino Unido;
ICE Age 3: Dawn of the Dinosaurs Sony PlayStation 3 PS3 completa con manual en muy buena condición;27,42 EUR;+ 16,88 EUR de envío estimado;desde Reino Unido;
*CD Seul* - Dinosaurs - PlayStation 1 PS1 - PAL;2,90 EUR;+ 5,70 EUR de envío;desde Francia;
ICE Age 3: Dawn of the Dinosaurs PlayStation 3 PS3 juego COMO NUEVO COMPLETO PAL Reino Unido;45,47 EUR;+ 17,21 EUR de envío estimado;desde Reino Unido;
ICE Age 3: Dawn of the Dinosaurs Playstation 3 PS3 promoción/copia promocional;11,66 EUR;+ 16,60 EUR de envío estimado;desde Reino Unido;
Top Trumps: Dogs & Dinosaurs (Sony PlayStation 2) en muy buena condición;6,99 EUR;+ 7,46 EUR de envío;desde Reino Unido;
Top Trumps: Dogs & Dinosaurs (Sony PlayStation 2, 2007) - Completo con Manual;2,69 EUR;+ 18,22 EUR de envío estimado;desde Reino Unido;
ICE Age 3: Dawn of the Dinosaurs (PS2), buen PlayStation 2, Sony PS2 Video Juegos;10,50 EUR;+ 16,58 EUR de envío estimado;desde Reino Unido;
Sony Playstation PS1 Dinosaurs PAL;4,99 EUR;+ 8,75 EUR de envío;desde Francia;
Top Trumps: Dogs & Dinosaurs (Sony PlayStation 2, 2007) - Versión Europea;3,50 EUR;+ 18,08 EUR de envío estimado;desde Reino Unido;
