ATV Racers Playstation 1 PAL 2003 disco solamente;5,84 EUR;+ 18,41 EUR de envío estimado;desde Reino Unido;
ATV Racers para PlayStation 1/ps1;19,99 EUR;+ 9,99 EUR de envío;desde Alemania;
ATV Racers Playstation 1 PS1 Juego;5,83 EUR;+ 16,50 EUR de envío estimado;desde Reino Unido;
ATV Racers PLAYSTATION PS1 PAL JUEGO Completo con Manual;3,49 EUR;+ 20,52 EUR de envío estimado;desde Reino Unido;
ATV Racers-PlayStation 1 (PS1);4,96 EUR;+ 7,71 EUR de envío;desde Reino Unido;
Consola Sony Playstation 1 PS1 Juego-ATV Racers;4,54 EUR;+ 4,79 EUR de envío;desde Reino Unido;
ATV Racers-PLAYSTATION PS1 PSX Juego Completo Original Nr. como Nuevo;8,16 EUR;+ 11,66 EUR de envío;desde Reino Unido;
ATV Racers SONY PLAYSTATION 1 PS1 Juego;5,78 EUR;+ 8,16 EUR de envío;desde Reino Unido;
ATV Racers SONY PLAYSTATION PS1 en vgwc caso roto + falta insertar & Manual;3,50 EUR;+ 16,45 EUR de envío estimado;desde Reino Unido;
ATV Racers (Sony Playstation 1) en muy buena condición;14,00 EUR;+ 7,46 EUR de envío;desde Reino Unido;
ATV Racers PlayStation 1 (ps1) PSX ps one juego;17,00 EUR;+ 18,50 EUR de envío;desde Alemania;
ATV Racers para el PLAYSTATION 1 PS1;5,83 EUR;+ 16,50 EUR de envío estimado;desde Reino Unido;
8X Paquete de carreras PS1 paquete Fórmula 1 2000 97 Porsche ATV Racers Playstation;33,82 EUR;+ 16,33 EUR de envío;desde Reino Unido;
ATV Racers disco e instrucciones solo SONY PLAYSTATION PS1 PS2 PAL;2,91 EUR;+ 9,91 EUR de envío;desde Reino Unido;
ATV Racers Playstation 1 One PS1 PSOne;17,51 EUR;+ 18,84 EUR de envío estimado;desde Reino Unido;
ATV Racers PLAYSTATION PS1 PAL JUEGO Completo con Manual Gratis P&P;5,78 EUR;+ 6,95 EUR de envío;desde Reino Unido;
ATV Racers ATV Quad Power Racing PlayStation 1 ps one PSX ps1 juego Sony bundle;22,90 EUR;Envío no especificado;desde Alemania;
* Sólo Disco * ATV Racers Playstation 1 PS1 PSOne PS PSX One;5,78 EUR;Envío no especificado;desde Reino Unido;
