Final Fantasy IX Vga 85+ Pal-UK Sony Playstation 1 PSX Sellado Nuevo Black Label;5.778,90 EUR;+ 0,01 EUR de envío;desde Australia;
Final Fantasy IX 9 Completo Playstation PSone Psx Ps1 Pal España ESP Squaresoft;69,99 EUR;+ 16,99 EUR de envío;desde España;
Disco 2 Final Fantasy IX PlayStation 1 PS1 PSX PAL España;1,00 EUR;+ 19,99 EUR de envío;desde España;
Final Fantasy IX 9-Playstation PS1 juego y guía de estrategia oficial;34,66 EUR;+ 11,56 EUR de envío;desde Reino Unido;
Final Fantasy IX (Sony PlayStation 1, 2001, Français, PAL) Original État Correct;29,90 EUR;+ 14,99 EUR de envío;desde Francia;
Final Fantasy IX (9) Platinum Versión original SONY PLAYSTATION PS1 PS2 PAL;19,64 EUR;+ 16,57 EUR de envío estimado;desde Reino Unido;
Final Fantasy IX (9) Guía de estrategia oficial Piggyback-PLAYSTATION;32,35 EUR;+ 30,82 EUR de envío estimado;desde Reino Unido;
Nuevo anuncioFinal Fantasy IX/9 (PlayStation/PS1) tridimensionales PAL 11+;46,22 EUR;+ 19,95 EUR de envío estimado;desde Reino Unido;
Final Fantasy IX Playstation PS1 PAL España;57,00 EUR;Envío no especificado;desde España;
Final Fantasy IX Ps1 PlayStation 1, 2000 (NIB) Nuevo Sellado De Fábrica inglés;635,68 EUR;Envío no especificado;desde Finlandia;
Final Fantasy IX tetra Master Card Game | alemán | Squaresoft 9 PlayStation PSX;54,99 EUR;Envío no especificado;desde Alemania;
Playstation PS1  Final Fantasy IX Square Soft con Spine Card Version Japon;29,90 EUR;+ 17,90 EUR de envío;desde España;
Sony PS1 Playstation - Final Fantasy IX Versión JAPÓN;29,90 EUR;+ 17,90 EUR de envío;desde España;
Final Fantasy IX 9 PS1 Juego Black Label FFIX FF9 Playstation PAL Manual;57,79 EUR;+ 17,34 EUR de envío;desde Reino Unido;
Final Fantasy IX Le Guide Officiel Playstation 1 PS1 Piggyback MINT;99,90 EUR;Envío no especificado;desde Francia;
Final Fantasy IX Final Fantasy 9 PlayStation 1 ps1 PSX cib PAL;29,90 EUR;+ 10,00 EUR de envío;desde Alemania;
Final Fantasy IX 9 NTSC USA SquareSoft Sony Playstation 1 PS1 PSX Completo FF9;59,90 EUR;+ 30,00 EUR de envío;desde Italia;
Final Fantasy IX (Sony PlayStation 1) PAL ovp/4cd's/instrucciones ps1 PSX Platinum;17,95 EUR;+ 9,00 EUR de envío;desde Alemania;
Final Fantasy IX para PlayStation 1/ps1;21,99 EUR;+ 9,99 EUR de envío;desde Alemania;
Final Fantasy IX para PlayStation 1/ps1 #1;19,99 EUR;+ 9,99 EUR de envío;desde Alemania;
Japanese NTSC J Sony Playstation 1 PS1-Final Fantasy VII y Final Fantasy IX;34,62 EUR;+ 16,85 EUR de envío estimado;desde Reino Unido;
PS1 - Final Fantasy IX - Jeux Videos PlayStation 1;28,70 EUR;+ 29,00 EUR de envío;desde Francia;
Final Fantasy IX 9 para PLAYSTATION 1;31,19 EUR;+ 21,45 EUR de envío estimado;desde Reino Unido;
Final Fantasy IX NTSC us Estados Unidos import Sony PlayStation PSX ps1 Square Enix 94/100;54,99 EUR;+ 7,99 EUR de envío;desde Alemania;
Final Fantasy IX 9 Play Station Playstation PS1 PAL ESPAÑOL;89,95 EUR;+ 19,95 EUR de envío;desde España;
Final Fantasy IX PlayStation NTSC-J JP Import;16,99 EUR;+ 18,50 EUR de envío;desde España;
Final Fantasy IX 9 (Playstation 1 Platino, 2000) n;21,95 EUR;+ 16,62 EUR de envío estimado;desde Reino Unido;
Final Fantasy IX 9 - Jeu Sony Playstation PS1 (FR) - PAL - Complet;29,90 EUR;+ 10,00 EUR de envío;desde Francia;
Final Fantasy IX 9 Para Sony Playstation 1 PS1 Completa;23,10 EUR;+ 21,95 EUR de envío;desde Reino Unido;
Final Fantasy IX 9-PlayStation 1 PS1-PAL-platino-Completo;22,87 EUR;+ 16,64 EUR de envío estimado;desde Reino Unido;
Final Fantasy IX-caso 2000-Sony Playstation 1 PS1 NTSC-J;17,33 EUR;+ 4,62 EUR de envío;desde Reino Unido;
Final Fantasy IX FF9 PS1 PlayStation 1-Sin Manual;20,98 EUR;+ 6,92 EUR de envío;desde Reino Unido;
Final Fantasy IX 9 FF9-Sony PlayStation PS1-PAL-Black Label-Completo;38,14 EUR;+ 20,97 EUR de envío estimado;desde Reino Unido;
Sony Playstation-Final Fantasy IX (PS1) - 4 Disco-No Manual Libre Post;20,79 EUR;+ 16,60 EUR de envío estimado;desde Reino Unido;
Final Fantasy IX 9 - Sony Playstation 1 PS1 - Complet - PAL FRA - Très Bon Etat;59,90 EUR;+ 24,90 EUR de envío;desde Francia;
Final Fantasy IX FF 9 Sony Playstation PS1 NTSC US;48,00 EUR;+ 28,00 EUR de envío;desde Francia;
Final Fantasy IX (9) Platinum Playstation 1 (PS1);16,75 EUR;+ 19,42 EUR de envío estimado;desde Reino Unido;
Final Fantasy IX-Platinum (Sony PlayStation, 2001) ** ** ** ** Completo Retro en muy buena condición.;31,19 EUR;+ 19,90 EUR de envío estimado;desde Reino Unido;
Final Fantasy IX el oficial solución libro para Sony PlayStation alemán!!!;69,90 EUR;+ 17,00 EUR de envío;desde Alemania;
Final Fantasy IX 9 + Partition Melodies of Life - Playstation 1 PS1;45,00 EUR;+ 9,00 EUR de envío;desde Francia;
Final Fantasy IX Playstation PS 1 juego completo con embalaje original & instrucciones;29,99 EUR;+ 8,00 EUR de envío;desde Alemania;
Final Fantasy IX 9 ps1 ita Sony Playstation 1 pal videogioco gioco funzionante ;69,99 EUR;+ 18,00 EUR de envío;desde Italia;
Final Fantasy IX PlayStation 1 PS1 Video Juego Gratis P&P;28,88 EUR;+ 16,75 EUR de envío estimado;desde Reino Unido;
Final Fantasy IX (Sony Playstation 1, 2000) Caja Rota;21,38 EUR;+ 20,65 EUR de envío estimado;desde Reino Unido;
Final Fantasy IX (9) - Disco 4 de 4 solo-PS1 (Playstation 1) (PAL) - disco solamente;5,77 EUR;+ 16,33 EUR de envío estimado;desde Reino Unido;
Final Fantasy VII, Final Fantasy VIII y Final Fantasy IX para PLAYSTATION 1 Raro;115,57 EUR;+ 17,34 EUR de envío;desde Reino Unido;
Final Fantasy IX 9 Sony PlayStation 1 Ps1 Platinum versión con manual buenas condiciones;18,48 EUR;+ 16,56 EUR de envío estimado;desde Reino Unido;
Final Fantasy IX Playstation 1 Sony PSX ps1 FR;19,90 EUR;+ 33,00 EUR de envío;desde Francia;
