DÃ­a de la independencia Actua Soccer Firestorm THUNDERHAWK 2 paquete PS1 Playstation 1;15,11 EUR;+ 16,60 EUR de envÃ­o estimado;desde Reino Unido;
Actua Soccer De VÃ­deo Juego Para Sony PlayStation PS1 Pal probado;4,64 EUR;+ 16,42 EUR de envÃ­o estimado;desde Reino Unido;
Actua Soccer 1, 2 y 3/FÃºtbol/Disco Paquete/Playstation 1 PS1 PS2;5,40 EUR;+ 16,43 EUR de envÃ­o estimado;desde Reino Unido;
PlayStation 1 ðŸ’Ž Actua Soccer 3 ðŸ’Ž PS1 Juego Con Manual Pal ðŸŒŸ ðŸŒŸ;8,09 EUR;+Â 23,21 EUR de envÃ­o;desde Reino Unido;
Actua Soccer 2 Playstation PS1 PAL JUEGO + Gratis Reino Unido Entrega;4,06 EUR;+ 16,40 EUR de envÃ­o estimado;desde Reino Unido;
PS1 Juego, Playstation, Actua Soccer, Raro One caso pequeÃ±as competir;5,79 EUR;+ 16,44 EUR de envÃ­o estimado;desde Reino Unido;
Raro/Retro SONY PLAYSTATION 1/PS1 Actua Soccer Juego/Gaming 99P Ganga;1,15 EUR;+Â 23,21 EUR de envÃ­o;desde Reino Unido;
Jeu Actua Soccer Club Edition pour Playstation PS1 PAL Complet CIB - Floto Games;7,90 EUR;+Â 5,00 EUR de envÃ­o;desde Francia;
Jeu Actua Soccer Club Edition Sony Playstation PS1 PAL Complet CIB - Floto Games;7,90 EUR;+Â 5,00 EUR de envÃ­o;desde Francia;
Actua Soccer Playstation PS1 Deporte Futbol Videojuego PAL Manual;5,81 EUR;+Â 13,95 EUR de envÃ­o;desde Reino Unido;
Actua Soccer (Sony Playstation 1 PS1/1996) 1-2 jugadores;6,97 EUR;+Â 8,09 EUR de envÃ­o;desde Reino Unido;
PS 1 ðŸ’Ž Actua Soccer ðŸ’Ž Playstation Game Con Manual ðŸ’Ž;8,09 EUR;+Â 23,21 EUR de envÃ­o;desde Reino Unido;
Actua Soccer 3-PS1 (Sony Playstation 1) COMPLETA (PAL) Black Label;5,22 EUR;+ 16,43 EUR de envÃ­o estimado;desde Reino Unido;
Actua Soccer 3 (Sony PlayStation 1, PS1, 2004);