Fantastic Four: Rise of the Silver Completa Sony Playstation 3 PS3 Juego Gratis P&P;4,66 EUR;+ 16,47 EUR de envío estimado;Vendidos  22 sep 2021Artículo vendido;desde Reino Unido;
Fantastic Four Rise Of Silver Surfer (Sony PlayStation Portable) PSP UMD Video;2,04 EUR;+ 4,66 EUR de envío;Vendidos  18 ago 2021Artículo vendido;desde Reino Unido;
Fantastic Four: Rise of the Silver Surfer | PlayStation 3 | PS3 | Sony | PAL;3,50 EUR;+ 18,59 EUR de envío estimado;Vendidos  16 ago 2021Artículo vendido;desde Reino Unido;
Fantastic Four: Rise of the Silver Surfer-PS3 Playstation 3;3,84 EUR;+ 16,45 EUR de envío estimado;Vendidos  5 ago 2021Artículo vendido;desde Reino Unido;
Fantastic Four: Rise of the Silver Surfer (PlayStation 3) PS3 Nueva Sellado;25,86 EUR;Envío gratis;Vendidos  1 oct 2021Artículo vendido;desde Estados Unidos;
Fantastic Four - RARE 1997 Marvel PS1 PlayStation Game - Complete PAL Release;50,00 EUR;+ 18,78 EUR de envío;Vendidos  13 sep 2021Artículo vendido;desde Australia;
Fantastic Four: Rise of the Silver Surfer (Sony PlayStation 3 PS3, 2007);10,99 EUR;Envío gratis;Vendidos  12 sep 2021Artículo vendido;desde Estados Unidos;
Fantastic 4 (Sony PlayStation 2, 2005) Fantastic Four PS2 Complete Tested Works;8,44 EUR;+ 12,71 EUR de envío;Vendidos  1 sep 2021Artículo vendido;desde Canadá;
Fantastic Four: Rise of the Silver Surfer (Sony PlayStation 3 PS3, 2007);10,34 EUR;Envío gratis;Vendidos  26 ago 2021Artículo vendido;desde Estados Unidos;
Fantastic Four: Rise of the Silver Surfer (Sony PlayStation 3, 2007) PS3 Cartucho en Caja;9,48 EUR;Envío gratis;Vendidos  18 ago 2021Artículo vendido;desde Estados Unidos;
Fantastic Four: Rise of the Silver Surfer (PlayStation 3) PS3 Nueva Sellado;30,17 EUR;Envío gratis;Vendidos  15 ago 2021Artículo vendido;desde Estados Unidos;
Fantastic Four: Rise of the Silver Surfer PlayStation 3;0,97 EUR;+ 2,75 EUR de envío;Vendidos  10 ago 2021Artículo vendido;desde Estados Unidos;
Fantastic Four: Rise of the Silver Surfer (PlayStation 3 PS3) Disco Solamente de seguimiento;1,72 EUR;+ 3,44 EUR de envío;Vendidos  31 jul 2021Artículo vendido;desde Estados Unidos;
Fantastic Four #69 Silver Age issue. (Marvel 1967) Estimated VG 4;16,93 EUR;+ 27,99 EUR de envío estimado;Vendidos  1 oct 2021Artículo vendido;desde Reino Unido;
Fantastic Four Coming of Galactus + Doomsday Marvel Pocket Books;11,68 EUR;+ 30,19 EUR de envío estimado;Vendidos  11 sep 2021Artículo vendido;desde Reino Unido;
Fantastic Four Vol 6 # 14 (2019) Marvel Comics Inhyuk Lee Human Torch variant;1,75 EUR;+ 27,70 EUR de envío estimado;Vendidos  22 ago 2021Artículo vendido;desde Reino Unido;
Fantastic Four vs. X-Men #2 to #4  – all in great condition!;5,00 EUR;+ 23,70 EUR de envío;Vendidos  22 ago 2021Artículo vendido;desde Francia;
Fantastic Four #25 Silver Age . (Marvel 1963)  Pence UK issue good clean copy;198,45 EUR;+ 33,59 EUR de envío estimado;Vendidos  27 sep 2021Artículo vendido;desde Reino Unido;
Fantastic Four issue 183 Bronze Age (1977) Marvel Comics ;2,34 EUR;+ 14,01 EUR de envío;Vendidos  19 ago 2021Artículo vendido;desde Reino Unido;
Essential Fantastic Four FF Vol 3 (41-63) Lee / Kirby B&W TPB;4,66 EUR;+ 29,71 EUR de envío estimado;Vendidos  23 sep 2021Artículo vendido;desde Reino Unido;
Essential Fantastic Four FF Vol 4 (64-83) Lee / Kirby B&W TPB;4,66 EUR;+ 29,71 EUR de envío estimado;Vendidos  23 sep 2021Artículo vendido;desde Reino Unido;
Fantastic Four Doomsday Ultimate Graphic Novels Collection Hardback ;2,34 EUR;+ 29,67 EUR de envío estimado;Vendidos  22 sep 2021Artículo vendido;desde Reino Unido;
Fantastic Four + Annuals on DVD in cbr & cbz format;11,68 EUR;+ 7,01 EUR de envío;Vendidos  29 ago 2021Artículo vendido;desde Reino Unido;
Fantastic Four Weekly #27 Marvel UK 1983;1,04 EUR;+ 27,66 EUR de envío estimado;Vendidos  22 ago 2021Artículo vendido;desde Reino Unido;
Fantastic Four #24 Silver Age . (Marvel 1965)  Pence UK issue good clean copy;59,53 EUR;+ 31,06 EUR de envío estimado;Vendidos  27 sep 2021Artículo vendido;desde Reino Unido;
Fantastic Four #337 Feb 1990;1,16 EUR;+ 27,37 EUR de envío estimado;Vendidos  26 sep 2021Artículo vendido;desde Reino Unido;
Fantastic Four Annual 27 (1994);1,00 EUR;+ 4,50 EUR de envío;Vendidos  1 oct 2021Artículo vendido;desde Alemania;
Ultimate Fantastic Four Vol 4 "Inhuman" Mark Millar/Jae Lee Marvel;3,49 EUR;+ 29,57 EUR de envío estimado;Vendidos  17 sep 2021Artículo vendido;desde Reino Unido;
Fantastic Four #53 FN/VF 7.0 Marvel (1966) 2nd Black Panther 1st Klaw. US cents;93,40 EUR;+ 31,09 EUR de envío estimado;Vendidos  21 sep 2021Artículo vendido;desde Reino Unido;
Fantastic Four Job Lot of 9 comics (Last Story, Marvel Now, ect..);2,32 EUR;+ 40,86 EUR de envío;Vendidos  26 sep 2021Artículo vendido;desde Reino Unido;
Fantastic Four 52 , 1st Black Panther, 1966!;496,20 EUR;+ 39,59 EUR de envío estimado;Vendidos  18 ago 2021Artículo vendido;desde Reino Unido;
Fantastic Four #52 Good 2.0 Marvel (1966) 1st Black Panther;291,88 EUR;+ 37,03 EUR de envío estimado;Vendidos  16 sep 2021Artículo vendido;desde Reino Unido;
Fantastic Four: Cosmic Size Special # 1. Bing Cansino art.  I combine postage.;1,16 EUR;+ 28,23 EUR de envío estimado;Vendidos  29 jul 2021Artículo vendido;desde Reino Unido;
Annuals: Fantastic Four 1981,Hulk 1980,DC Superheroes 1983 VG,FN-,GD phil-comics;6,42 EUR;+ 39,80 EUR de envío;Vendidos  2 oct 2021Artículo vendido;desde Reino Unido;
Ultimate Fantastic Four - Issues 21 to 23 and Annual 1;31,52 EUR;+ 29,74 EUR de envío estimado;Vendidos  21 ago 2021Artículo vendido;desde Reino Unido;
Fantastic Four #66 PGX6.5;100,00 EUR;+ 21,40 EUR de envío;Vendidos  28 sep 2021Artículo vendido;desde Francia;
