Nuevo anuncioPs1 _ PlayStation zona CD vol.12 (con las demostraciones de Centipede, Killer Loop, pong;4,99 EUR;+ 8,00 EUR de envío;desde Alemania;
Sony PlayStation 1 ps1 juego-Centipede con instrucciones Top;11,69 EUR;+ 9,99 EUR de envío;desde Alemania;
Centipede Sony PlayStation 1 (ps1) PSX ps one juego;5,00 EUR;+ 18,50 EUR de envío;desde Alemania;
Centipede PS1 Playstation 1 Deutsche Allemand;25,90 EUR;+ 18,00 EUR de envío;desde Francia;
Centipede para PlayStation 1/ps1 #1;8,99 EUR;Envío no especificado;desde Alemania;
Ps1 Centipede (Sony PlayStation 1, 1999);6,50 EUR;Envío no especificado;desde Alemania;
Centipede PlayStation [] - aceptable;4,93 EUR;Envío no especificado;desde Alemania;
Centipede OVP en lámina ps1 PSOne (Sony PlayStation 1, 1999) nuevo box New;39,99 EUR;Envío no especificado;desde Alemania;
Centipede para PlayStation 1 ps1 PSOne PSX * embalaje original *;9,90 EUR;Envío no especificado;desde Alemania;
Centipede ps1 New PSOne OVP nuevo (Sony PlayStation 1, 1999) New;29,95 EUR;Envío no especificado;desde Alemania;
