Breath of Fire IV 4 Playstation 1 (PS1) Completa Con Manual En Muy Buen Estado;46,23 EUR;+ 20,76 EUR de envío estimado;Vendidos  29 sep 2021Artículo vendido;desde Reino Unido;
Breath of Fire IV PS1 PlayStation Game;53,17 EUR;+ 17,19 EUR de envío estimado;Vendidos  27 sep 2021Artículo vendido;desde Reino Unido;
Playstation PS1 - Breath of Fire IV Capcom con Spine Card Version Japon;24,90 EUR;+ 17,90 EUR de envío;Vendidos  24 sep 2021Artículo vendido;desde España;
Playstation 1 Breath of Fire IV 4 Juego Completo PS1 Capcom PAL-en muy buena condición Reino Unido Stock;45,65 EUR;+ 13,87 EUR de envío;Vendidos  16 sep 2021Artículo vendido;desde Reino Unido;
Playstation 1 Breath of Fire IV 4 Juego Completo PS1 Capcom PAL;40,44 EUR;+ 15,03 EUR de envío;Vendidos  16 sep 2021Artículo vendido;desde Reino Unido;
Breath of Fire IV 4 Playstation 1 PS1 PSX COMPLETO PAL Etiqueta Negra Rara Capcom;51,95 EUR;+ 17,16 EUR de envío estimado;Vendidos  31 ago 2021Artículo vendido;desde Reino Unido;
Breath of Fire IV PlayStation PAL;23,00 EUR;Envío no especificado;Vendidos  26 ago 2021Artículo vendido;desde España;
Breath of Fire IV Sony PlayStation 1 PS1 Japón importación NTSC J;23,10 EUR;+ 18,41 EUR de envío estimado;Vendidos  16 ago 2021Artículo vendido;desde Reino Unido;
Breath of Fire IV 4 Playstation 1 (PS1);52,00 EUR;+ 20,62 EUR de envío estimado;Vendidos  11 ago 2021Artículo vendido;desde Reino Unido;
Breath of Fire IV 4 Playstation 1 (PS1) Completa Con Manual Excelente Estado;54,32 EUR;+ 35,30 EUR de envío estimado;Vendidos  9 ago 2021Artículo vendido;desde Reino Unido;
Breath of Fire IV 4 Playstation 1 PS1 PSX COMPLETO PAL Etiqueta Negra Rara Capcom;57,73 EUR;+ 17,27 EUR de envío estimado;Vendidos  25 jul 2021Artículo vendido;desde Reino Unido;
71861 Breath of Fire IV-Sony PS1 Playstation 1 (2000) sólo SLES 03552 Disco;28,89 EUR;+ 16,75 EUR de envío estimado;Vendidos  24 jul 2021Artículo vendido;desde Reino Unido;
Breath of Fire IV (4) - Sony PS1 PSone Playstation Juego-condición Coleccionable!;80,87 EUR;+ 11,55 EUR de envío;Vendidos  22 jul 2021Artículo vendido;desde Reino Unido;
Breath of Fire IV 4 Playstation 1 PS1 PSX COMPLETO PAL Etiqueta Negra Rara Capcom;51,95 EUR;+ 17,16 EUR de envío estimado;Vendidos  19 jul 2021Artículo vendido;desde Reino Unido;
Breath of Fire IV 4 Playstation 1 (PS1);41,61 EUR;+ 34,72 EUR de envío estimado;Vendidos  12 jul 2021Artículo vendido;desde Reino Unido;
Breath of Fire IV Playstation Sellado;150,25 EUR;+ 24,48 EUR de envío;Vendidos  5 jul 2021Artículo vendido;desde Reino Unido;
Breath of Fire IV guía de estrategia raras (Sony PlayStation 1, 2000);43,05 EUR;+ 3,29 EUR de envío;Vendidos  29 sep 2021Artículo vendido;desde Estados Unidos;
Breath of Fire IV (Sony PlayStation 1, 2000) disco y manual;60,26 EUR;+ 4,30 EUR de envío;Vendidos  28 sep 2021Artículo vendido;desde Estados Unidos;
Breath of Fire IV (Sony PlayStation 1, 2000) * solo Disco *;55,95 EUR;+ 2,58 EUR de envío;Vendidos  28 sep 2021Artículo vendido;desde Estados Unidos;
Breath of Fire IV (Sony PlayStation 1, 2000) Disco de menta cerca, Caja, Sin Manual;77,48 EUR;+ 4,18 EUR de envío;Vendidos  26 sep 2021Artículo vendido;desde Estados Unidos;
Breath of Fire IV 4 PS1 Playstation p1;10,33 EUR;+ 14,64 EUR de envío;Vendidos  26 sep 2021Artículo vendido;desde Japón;
Breath of Fire IV (Sony PlayStation 1, 2000) PS1 ;118,20 EUR;+ 12,83 EUR de envío;Vendidos  25 sep 2021Artículo vendido;desde Canadá;
Breath of Fire IV - Complete With Manual (Sony PlayStation 1, 2000);145,21 EUR;+ 27,02 EUR de envío;Vendidos  23 sep 2021Artículo vendido;desde Canadá;
Breath of Fire IV 4 PS1 Sony Japón importación PLAYSTATION PSX Capcom RPG NTSC-J;11,18 EUR;+ 16,37 EUR de envío;Vendidos  22 sep 2021Artículo vendido;desde Japón;
Breath of Fire IV (Sony PlayStation 1, 2000) - Rpg-Completo En Caja-Completo-RARE-bof;129,13 EUR;+ 5,16 EUR de envío;Vendidos  22 sep 2021Artículo vendido;desde Estados Unidos;
Breath of Fire IV 4 prima la guía de estrategia oficial PlayStation 1 ps1;43,05 EUR;Envío gratis;Vendidos  20 sep 2021Artículo vendido;desde Estados Unidos;
Breath of Fire IV 4 (Sony PlayStation 1, 2000) - Completo en Caja Completo Con Manual Rpg PS1;120,53 EUR;Envío gratis;Vendidos  17 sep 2021Artículo vendido;desde Estados Unidos;
Breath of Fire IV (Sony PlayStation 1 2000) PS1 Black Label Completo en Caja Cartucho bonito!;129,13 EUR;+ 4,26 EUR de envío;Vendidos  17 sep 2021Artículo vendido;desde Estados Unidos;
Breath of Fire IV (Sony PlayStation 1, 2000) Completo;115,35 EUR;+ 2,37 EUR de envío;Vendidos  17 sep 2021Artículo vendido;desde Estados Unidos;
Breath of Fire IV 4 (Sony PlayStation 1, 2000) PS1 disco solamente probado Funcionando;59,40 EUR;Envío gratis;Vendidos  16 sep 2021Artículo vendido;desde Estados Unidos;
Black Label Auténtico Original Rara PLAYSTATION PS 1 Capcom juego Breath of Fire IV;136,46 EUR;+ 5,51 EUR de envío;Vendidos  13 sep 2021Artículo vendido;desde Estados Unidos;
Breath of Fire IV PS1-Sony PlayStation 1, 2000 Cartucho en Caja Probado;99,44 EUR;+ 4,30 EUR de envío;Vendidos  12 sep 2021Artículo vendido;desde Estados Unidos;
Breath of Fire IV 4 Capcom Sony PlayStation PS1 ** ** disco se ve casi perfecto;136,89 EUR;+ 8,61 EUR de envío;Vendidos  12 sep 2021Artículo vendido;desde Estados Unidos;
Breath of Fire IV-PS1-sólo disco del juego-Sony Playstation Original;48,21 EUR;+ 4,48 EUR de envío;Vendidos  11 sep 2021Artículo vendido;desde Estados Unidos;
Breath of Fire IV 4 Capcom Sony PlayStation PS1 Probado Completo;94,70 EUR;Envío gratis;Vendidos  10 sep 2021Artículo vendido;desde Estados Unidos;
Breath of Fire IV (Sony PlayStation 1, 2000) disco necesita limpieza;72,60 EUR;+ 4,74 EUR de envío;Vendidos  10 sep 2021Artículo vendido;desde Estados Unidos;
Breath of Fire IV (Sony PlayStation | PS1) Completo en Caja Completo En Caja;129,14 EUR;+ 5,73 EUR de envío;Vendidos  8 sep 2021Artículo vendido;desde Estados Unidos;
Breath of Fire IV (Sony PlayStation 1, 2000);91,25 EUR;+ 4,48 EUR de envío;Vendidos  7 sep 2021Artículo vendido;desde Estados Unidos;
Breath of Fire IV (Sony PlayStation 1 2000) PS1 Black Label Completo Completo En Caja;94,69 EUR;Envío gratis;Vendidos  6 sep 2021Artículo vendido;desde Estados Unidos;
Breath of Fire IV 4 Sony PlayStation 1 PS1 NTSC Cartucho Completo En Caja Probado;93,32 EUR;+ 4,22 EUR de envío;Vendidos  6 sep 2021Artículo vendido;desde Estados Unidos;
Breath of Fire IV (Sony PlayStation 1, 2000);79,63 EUR;+ 4,18 EUR de envío;Vendidos  1 sep 2021Artículo vendido;desde Estados Unidos;
Breath of Fire IV PS1 Playstation 1 Japón importación casi nuevo vendedor de Estados Unidos;17,20 EUR;+ 2,58 EUR de envío;Vendidos  1 sep 2021Artículo vendido;desde Estados Unidos;
Breath of Fire IV (Sony PlayStation 1 2000) PS1 Black Label Completo Completo En Caja;107,61 EUR;+ 4,30 EUR de envío;Vendidos  29 ago 2021Artículo vendido;desde Estados Unidos;
Breath of Fire IV 4 Capcom Sony PlayStation PS1 probado Cartucho Completo En Caja;129,13 EUR;+ 6,97 EUR de envío;Vendidos  28 ago 2021Artículo vendido;desde Estados Unidos;
Breath of Fire IV 4 PS1 Playstation One-Excelente Estado Perfecto Estado En Caja Cartucho;198,00 EUR;+ 4,52 EUR de envío;Vendidos  28 ago 2021Artículo vendido;desde Estados Unidos;
Breath of Fire IV (Sony PlayStation 1 2000) PS1 Cartucho Completo En Caja;107,61 EUR;Envío gratis;Vendidos  27 ago 2021Artículo vendido;desde Estados Unidos;
Breath of Fire IV 4 (Sony PlayStation 1, PS1) probado y Cartucho Completo En Caja;85,97 EUR;+ 4,22 EUR de envío;Vendidos  27 ago 2021Artículo vendido;desde Estados Unidos;
Breath of Fire IV: Prima's Official Strategy Guide 2000 PS1 (Playstation 1);33,77 EUR;+ 27,02 EUR de envío;Vendidos  25 ago 2021Artículo vendido;desde Canadá;
Breath of Fire IV (prima 2000 juego de guía de estrategia ~ Playstation 1);49,50 EUR;+ 3,44 EUR de envío;Vendidos  25 ago 2021Artículo vendido;desde Estados Unidos;
Breath of Fire IV 4 (PlayStation 1, 2000) PS1 100% completo, probado y de trabajo;94,69 EUR;+ 4,18 EUR de envío;Vendidos  24 ago 2021Artículo vendido;desde Estados Unidos;
Breath of Fire IV-PlayStation 1 PSX Black Label Completo Con Manual Completo En Caja * Excelente *;94,70 EUR;Envío gratis;Vendidos  23 ago 2021Artículo vendido;desde Estados Unidos;
Breath of Fire IV PSX PAL;40,00 EUR80,00 EUR;Envío no especificado;Vendidos  15 ago 2021Artículo vendido;desde España;
Breath of Fire 4 PS1 disco de juego solamente Breath of Fire IV Entrega Gratis;25,37 EUR;+ 16,68 EUR de envío estimado;Vendidos  19 jul 2021Artículo vendido;desde Reino Unido;
Breath of Fire 4 PS1 disco de juego solamente Breath of Fire IV Entrega Gratis;27,16 EUR;+ 16,71 EUR de envío estimado;Vendidos  30 jul 2021Artículo vendido;desde Reino Unido;
