Area 51 - PlayStation 1 PS1 - PAL;12,90 EUR;+ 9,70 EUR de envío;desde Francia;
Blacksite: Area 51 (Sony PlayStation 3, 2008);1,16 EUR;+ 11,70 EUR de envío;desde Reino Unido;
Blacksite Area 51 PS3 PLAYSTATION 3 tres Europea Pal Nueva Y Sellado;20,50 EUR;+ 21,73 EUR de envío;desde Grecia;
Area 51-Sony PlayStation 2-PAL-B-Ware;7,78 EUR;+ 1,09 EUR de envío;desde Austria;
Area 51-Sony PlayStation 2-PAL-C-Ware;8,80 EUR;+ 1,09 EUR de envío;desde Austria;
Nuevo anuncioArea 51 para Sony Playstation 2 PS2 Completo Pal España en muy buen estado;32,90 EUR;Envío no especificado;desde España;
Area 51 PlayStation 2 ps2 PAL ITA RARO VERY RARE Shooter;14,99 EUR;+ 21,00 EUR de envío;desde Italia;
Blacksite Area 51 - Jeu Playstation 3 [PS3];6,49 EUR;+ 8,90 EUR de envío;desde Francia;
Area 51 sur Playstation 2 (complet);10,99 EUR;+ 11,00 EUR de envío;desde Francia;
PS3 / Sony Playstation 3 - BlackSite: Area 51 AL/ANG dans l'emballage utilisé;18,99 EUR;Envío internacional gratis;desde Alemania;
PS3 / Sony Playstation 3 - BlackSite: Area 51 AL/ING nell'imballaggio usato;21,99 EUR;Envío internacional gratis;desde Alemania;
PS3 Sony Playstation 3 juego Blacksite: Area 51 en Ger En Caja;15,22 EUR;Envío internacional gratis;desde Alemania;
PS3/Sony Playstation 3 Juego-Blacksite: Area 51 en/ger en Caja;15,38 EUR;Envío internacional gratis;desde Alemania;
PS3 / Sony Playstation 3 game - BlackSite: Area 51 EN/GER boxed;14,87 EUR;Envío internacional gratis;desde Alemania;
