Final Fantasy Chronicles: final Fantasy IV & Chrono Trigger (Sony PlayStation..;24,12 EUR;Envío gratis;Vendidos  30 sep 2021Artículo vendido;desde Estados Unidos;
Final Fantasy Chronicles: final Fantasy IV & Chrono Trigger (Sony PlayStation 1...;20,79 EUR;+ 4,49 EUR de envío;Vendidos  30 sep 2021Artículo vendido;desde Estados Unidos;
Final Fantasy Chronicles: final Fantasy IV & Chrono Trigger (Sony PlayStation 1...;17,25 EUR;+ 4,27 EUR de envío;Vendidos  29 sep 2021Artículo vendido;desde Estados Unidos;
Final Fantasy Chronicles: final Fantasy IV & Chrono Trigger (Sony PlayStation 1,;10,79 EUR;Envío gratis;Vendidos  29 sep 2021Artículo vendido;desde Estados Unidos;
Final Fantasy Chronicles: final Fantasy IV & Chrono Trigger (Sony PlayStation 1,;25,89 EUR;+ 4,23 EUR de envío;Vendidos  28 sep 2021Artículo vendido;desde Estados Unidos;
Final Fantasy Chronicles: final Fantasy IV & Chrono Trigger (Sony PlayStation 1...;22,39 EUR;Envío gratis;Vendidos  28 sep 2021Artículo vendido;desde Estados Unidos;
Final Fantasy Chronicles: final Fantasy IV & Chrono Trigger (Sony PlayStation 1,;21,57 EUR;+ 6,86 EUR de envío;Vendidos  26 sep 2021Artículo vendido;desde Estados Unidos;
Final Fantasy Chronicles: final Fantasy IV & Chrono Trigger (Sony PlayStation 1);17,25 EUR;Envío gratis;Vendidos  23 sep 2021Artículo vendido;desde Estados Unidos;
Final Fantasy Chronicles: final Fantasy IV & Chrono Trigger (Sony PlayStation 1...;10,27 EUR;+ 4,49 EUR de envío;Vendidos  23 sep 2021Artículo vendido;desde Estados Unidos;
Final Fantasy Chronicles PS1 Cartucho Completo en Caja Black Label Chrono Trigger PLaystation;31,92 EUR;+ 3,88 EUR de envío;Vendidos  21 sep 2021Artículo vendido;desde Estados Unidos;
Final Fantasy Chronicles: final Fantasy IV & Chrono Trigger (Sony PlayStation);25,84 EUR;Envío gratis;Vendidos  21 sep 2021Artículo vendido;desde Estados Unidos;
Final Fantasy Chronicles IV Chrono Trigger (PS1, Playstation 1) Nueva Sellado;27,61 EUR;+ 4,31 EUR de envío;Vendidos  21 sep 2021Artículo vendido;desde Estados Unidos;
Final Fantasy Chronicles: final Fantasy IV & Chrono Trigger (Sony PlayStation 1,;17,26 EUR;+ 4,49 EUR de envío;Vendidos  16 sep 2021Artículo vendido;desde Estados Unidos;
Final Fantasy Chronicles: final Fantasy IV & Chrono Trigger (Sony PlayStation 1,;10,35 EUR;+ 4,49 EUR de envío;Vendidos  15 sep 2021Artículo vendido;desde Estados Unidos;
Final Fantasy Chronicles: final Fantasy IV & Chrono Trigger (PlayStation 1) PS1 Completa;13,37 EUR;+ 4,14 EUR de envío;Vendidos  13 sep 2021Artículo vendido;desde Estados Unidos;
Final Fantasy Chronicles: final Fantasy IV & Chrono Trigger (Sony PlayStation 1...;5,69 EUR;+ 3,88 EUR de envío;Vendidos  13 sep 2021Artículo vendido;desde Estados Unidos;
Final Fantasy Chronicles: final Fantasy IV & Chrono Trigger (PlayStation 1) PS1 Completa;22,87 EUR;Envío gratis;Vendidos  10 sep 2021Artículo vendido;desde Estados Unidos;
Final Fantasy Chronicles: final Fantasy IV & Chrono Trigger (Sony PlayStation 1...;18,98 EUR;+ 4,23 EUR de envío;Vendidos  9 sep 2021Artículo vendido;desde Estados Unidos;
Final Fantasy Chronicles: final Fantasy IV & Chrono Trigger (Sony PlayStation 1);28,47 EUR;+ 4,31 EUR de envío;Vendidos  9 sep 2021Artículo vendido;desde Estados Unidos;
Final Fantasy Chronicles: final Fantasy IV & Chrono Trigger (Sony PlayStation 1,;8,02 EUR;+ 4,18 EUR de envío;Vendidos  7 sep 2021Artículo vendido;desde Estados Unidos;
Final Fantasy Chronicles: final Fantasy IV & Chrono Trigger (Sony PlayStation 1);21,57 EUR;+ 5,17 EUR de envío;Vendidos  2 sep 2021Artículo vendido;desde Estados Unidos;
Final Fantasy Chronicles: final Fantasy IV & Chrono Trigger (Sony PlayStation 1);17,25 EUR;Envío gratis;Vendidos  30 ago 2021Artículo vendido;desde Estados Unidos;
Final Fantasy Chronicles: final Fantasy IV & Chrono Trigger (Sony PlayStation 1,;20,70 EUR;Envío gratis;Vendidos  30 ago 2021Artículo vendido;desde Estados Unidos;
Chrono Trigger NINTENDO DS Square Enix 2008;69,00 EUR;+ 18,00 EUR de envío;Vendidos  2 ago 2021Artículo vendido;desde Italia;
Chrono Trigger-para Nintendo DS-nuevo con embalaje original-en inglés, francés u Japón.;66,19 EUR;+ 11,90 EUR de envío;Vendidos  5 sep 2021Artículo vendido;desde Alemania;
Chrono Trigger 1995 Snes Super Nintendo Instruction manual Mode D'emploi ;80,00 EUR;+ 11,00 EUR de envío;Vendidos  4 sep 2021Artículo vendido;desde Francia;
Chrono Trigger Ds;104,90 EUR;+ 10,00 EUR de envío;Vendidos  18 sep 2021Artículo vendido;desde Francia;
Nintendo DS: Chrono Trigger-de Square Enix;127,00 EUR;Envío no especificado;Vendidos  27 sep 2021Artículo vendido;desde Alemania;
Chrono Trigger DS FR Complet Et En Parfait Etat!;160,00 EUR;Envío no especificado;Vendidos  22 jul 2021Artículo vendido;desde Francia;
Chrono Trigger Nintendo 3ds juego OVP us versión impecable/completo;109,99 EUR;+ 7,99 EUR de envío;Vendidos  24 ago 2021Artículo vendido;desde Alemania;
Chrono Trigger  -  Super Nintendo / SNES - PAL EUR  * GERMAN / DE GAME;37,00 EUR;Envío internacional gratis;Vendidos  9 sep 2021Artículo vendido;desde Francia;
Chrono Trigger  -  Super Nintendo / SNES - PAL EUR  * ENGLISH / EN GAME;37,00 EUR;Envío internacional gratis;Vendidos  29 sep 2021Artículo vendido;desde Francia;
Chrono Trigger - Radical Dreamers -  Super Nintendo /SNES Jeu Game PAL EUR ;35,99 EUR;Envío internacional gratis;Vendidos  5 sep 2021Artículo vendido;desde Bélgica;
Chrono Trigger Nintendo DS NTSC-J JAP JAPAN WITH ENGLISH ANGLAIS Excellent Etat;64,90 EUR;+ 4,90 EUR de envío;Vendidos  7 sep 2021Artículo vendido;desde Francia;
Jeu Chrono Trigger pour console Super Nintendo SNES 100% original NTSC;198,40 EUR;+ 12,90 EUR de envío;Vendidos  31 ago 2021Artículo vendido;desde Francia;
Chrono Trigger Nintendo DS NTSC-J JAP JAPAN WITH ENGLISH ANGLAIS Excellent Etat;57,90 EUR;+ 4,90 EUR de envío;Vendidos  21 jul 2021Artículo vendido;desde Francia;
