Jeu Dead or Alive 6 [VF] sur PlayStation 4 / PS4 NEUF sous Blister;29,99 EUR;+ 8,95 EUR de envío;desde Francia;
Sony PS3 Playstation - Dead or Alive 5 - Version Japon;15,90 EUR;+ 17,90 EUR de envío;desde España;
Dead or Alive 6, Sony Playstation 4, PS4, Italian Market, Euro, factory sealed !;26,90 EUR;+ 10,90 EUR de envío;desde Italia;
PlayStation 2 DOA 2 Game pal Platinum Tecmo Dead or Alive 2;14,95 EUR;+ 10,00 EUR de envío;desde Países Bajos;
PS2 - Dead or Alive 2 - Jeux Videos PlayStation 2;7,70 EUR;+ 29,00 EUR de envío;desde Francia;
Dead or Alive 6 Steelbook Edition-PlayStation 4/ps4-nuevo & OVP;24,89 EUR;+ 8,90 EUR de envío;desde Alemania;
Dead or Alive 2 DOA-Sony-ps2-PlayStation-Embalaje original-cib-Pal;7,95 EUR;+ 7,20 EUR de envío;desde Alemania;
Dead or Alive 5-PlayStation 3 ps3 nuevo con embalaje original en lámina;29,00 EUR;+ 19,90 EUR de envío;desde Alemania;
Dead or Alive 2 II * PlayStation 2/ps2 Game, rar Press Kit, Promo-CD, Full Game;9,90 EUR;+ 7,90 EUR de envío;desde Alemania;
Dead or Alive 2 Platinium - Sony PlayStation 2/PS2;11,20 EUR;+ 3,00 EUR de envío;desde Francia;
Dead or Alive 2 - Promo Gioco Completo - New - PlayStation 2;29,99 EUR;Envío no especificado;desde Italia;
Dead or Alive 2 DOA 2 Videogioco Playstation 2 PS2 Sony Sigillato;35,90 EUR;+ 13,90 EUR de envío;desde Italia;
Dead or Alive 1 + spine ps1 PlayStation 1 NTSC-J (Asia ­.) jpn jap beat 'em up;34,99 EUR;+ 7,99 EUR de envío;desde Alemania;
Sony PlayStation ps2 juego-Dead or Alive 2;3,90 EUR;+ 7,50 EUR de envío;desde Alemania;
Dead or Alive 2 Sony Ps2 Playstation PRIMA STAMPA COMPLETO ITA PAL OTTIME CONDIZ;20,00 EUR;+ 25,00 EUR de envío;desde Italia;
