Playstation 1 ps1 Space Invaders Asteroids Excelente Discos sin rasguños o marcas;11,55 EUR;Envío no especificado;Vendidos  15 sep 2021Artículo vendido;desde Reino Unido;
Playstation 1 ps1 Space Invaders Asteroids Excelente Discos sin rasguños o marcas;11,55 EUR;Envío no especificado;Vendidos  13 sep 2021Artículo vendido;desde Reino Unido;
Asteroids-Sony Playstation 1/PS1;5,72 EUR;+ 7,51 EUR de envío;Vendidos  9 sep 2021Artículo vendido;desde Reino Unido;
Asteroids PS1 PS2 PS3 PLAYSTATION PSONE juego arcade Sci Fi Shooter-Completo;5,72 EUR;+ 11,56 EUR de envío;Vendidos  27 jul 2021Artículo vendido;desde Reino Unido;
Asteroids Playstation 1 Ps1 Good Condition Tested;4,05 EUR;+ 8,10 EUR de envío;Vendidos  1 oct 2021Artículo vendido;desde Canadá;
Asteroids (Sony PlayStation 1, 1998) Completo con Manual-Probado Funcionando;7,31 EUR;Envío gratis;Vendidos  29 sep 2021Artículo vendido;desde Estados Unidos;
Asteroids - Disc Only - PS1 PlayStation 1 Sony;5,60 EUR;+ 1,68 EUR de envío;Vendidos  29 sep 2021Artículo vendido;desde Canadá;
Asteroids (Sony PlayStation 1) PS1 completa Completo En Caja Sin Usar;8,60 EUR;Envío gratis;Vendidos  25 sep 2021Artículo vendido;desde Estados Unidos;
*** *** Asteroids-Arcade - - [[[PlayStation PS1]]] -: Completa;2,57 EUR;+ 2,75 EUR de envío;Vendidos  22 sep 2021Artículo vendido;desde Estados Unidos;
Asteroids (Sony PlayStation 1) PS1 Cartucho Completo en Caja Greatest Hits;7,74 EUR;Envío gratis;Vendidos  19 sep 2021Artículo vendido;desde Estados Unidos;
Asteroids PS1, PlayStation 1, PSX, PSOne Video Juego Cartucho de Tinta Negra En Caja Completo + nuevo caso;6,84 EUR;Envío gratis;Vendidos  11 sep 2021Artículo vendido;desde Estados Unidos;
Asteroids (Sony PlayStation 1, 1998) Completo en Caja Completa Black Label;8,51 EUR;Envío gratis;Vendidos  11 sep 2021Artículo vendido;desde Estados Unidos;
Asteroids (Sony PlayStation 1, 1998) * COMPLETO *;5,16 EUR;Envío gratis;Vendidos  4 sep 2021Artículo vendido;desde Estados Unidos;
Asteroids Sony PlayStation 1 PS1 Video Juego;3,44 EUR;+ 3,01 EUR de envío;Vendidos  4 sep 2021Artículo vendido;desde Estados Unidos;
Asteroids (Sony PlayStation 1, 1998) completo y probado!;5,16 EUR;Envío gratis;Vendidos  3 sep 2021Artículo vendido;desde Estados Unidos;
Asteroids (Sony PlayStation 1, 1998) - Completo & PROBADO-FUNCIONA 100% Excelente Estado Usado;0,86 EUR;+ 3,44 EUR de envío;Vendidos  28 ago 2021Artículo vendido;desde Estados Unidos;
Asteroids (Sony PlayStation 1) completa y probado;6,88 EUR;Envío gratis;Vendidos  26 ago 2021Artículo vendido;desde Estados Unidos;
Asteroids (Sony PlayStation 1) PS1 Cartucho Completo en Caja Greatest Hits;7,66 EUR;Envío gratis;Vendidos  25 ago 2021Artículo vendido;desde Estados Unidos;
Asteroids PLAYSTATION (PSX) Shooter (video juego);4,30 EUR;Envío gratis;Vendidos  24 ago 2021Artículo vendido;desde Estados Unidos;
Reemplazo Vacío casos! levantamiento X + Asteroids Playstation Flight PS1 PS2 PS3;10,58 EUR;+ 3,02 EUR de envío;Vendidos  20 ago 2021Artículo vendido;desde Estados Unidos;
