Aconcagua (Sony PlayStation 1, 2000);68,86 EUR;+ 9,40 EUR de envío;desde Estados Unidos;
Aconcagua PS1 Playstation 207 para p1 JP System;60,26 EUR;+ 14,64 EUR de envío;desde Japón;
Aconcagua (2000) Nuevo Sellado De Fábrica juego de importación de Japón Playstation PS1;77,40 EUR;+ 3,36 EUR de envío;desde Estados Unidos;
PS1 Aconcagua PlayStation 1;25,04 EUR;+ 3,44 EUR de envío;desde Japón;
Sony Aconcagua (Sony PlayStation 1, de 2000, no hay ninguna instrucción manual) F/S;26,68 EUR;Envío internacional gratis;desde Japón;
PS1 PS PlayStation 1 Aconcagua 01318 Japón Usado;47,85 EUR;Envío internacional gratis;desde Japón;
Usado PS1 PlayStation 1 Aconcagua (idioma/japonés);25,83 EUR;+ 6,89 EUR de envío;desde Japón;
Aconcagua PS1 Sony Sony PlayStation 1 de Japón;23,31 EUR;+ 12,48 EUR de envío;desde Japón;
PS1 PS PlayStation 1 Aconcagua;27,55 EUR;+ 12,48 EUR de envío;desde Japón;
Aconcagua Guía de Juego Japón Libro Play Station kb225 *;20,66 EUR;+ 21,52 EUR de envío;desde Japón;
Libro Guía oficial Aconcagua/PS;14,46 EUR;+ 14,64 EUR de envío;desde Japón;
Aconcagua PS1 Sony Sony PlayStation 1 de Japón Pec - 10131;38,15 EUR;Envío internacional gratis;desde Japón;
Aconcagua PS1 PS PlayStation 1 Aconcagua Usado Juego Suave de Japón;43,02 EUR;+ 8,18 EUR de envío;desde Japón;
PS1 PS PlayStation 1 Aconcagua usedgame;38,09 EUR;+ 9,81 EUR de envío;desde Japón;
Aconcagua PS1 Sony Sony PlayStation 1 de Japón;21,36 EUR;+ 17,22 EUR de envío;desde Japón;
PS1 PS PlayStation 1 Aconcagua Jp;31,35 EUR;Envío internacional gratis;desde Japón;
PS1 PS PlayStation 1 Aconcagua versión japonesa.;25,74 EUR;+ 14,21 EUR de envío;desde Japón;
