Fade to Black: Sony PS1 PlayStation Platinum Video Juego-con instrucciones;1,15 EUR;+ 32,81 EUR de envío estimado;Vendidos  26 sep 2021Artículo vendido;desde Reino Unido;
Fade to Black Platino PlayStation PS1 | Completo con Manual | Casi Nuevo Disco;8,13 EUR;+ 16,47 EUR de envío estimado;Vendidos  24 sep 2021Artículo vendido;desde Reino Unido;
Fade to Black (Sony PlayStation 1, 1996) Retro Clásico;3,49 EUR;+ 19,87 EUR de envío estimado;Vendidos  14 sep 2021Artículo vendido;desde Reino Unido;
Fade to Black: Sony PS1 PlayStation Retro Video Juego-PAL;2,32 EUR;+ 32,82 EUR de envío estimado;Vendidos  14 sep 2021Artículo vendido;desde Reino Unido;
Fade to Black-Sony ps1-PlayStation 1-PSX juego;9,99 EUR;Envío no especificado;Vendidos  5 sep 2021Artículo vendido;desde Alemania;
Fade to Black-Sony Playstation 1/PS1 Juego, PAL, Manual incluido, 1996;3,80 EUR;+ 10,41 EUR de envío;Vendidos  21 jul 2021Artículo vendido;desde Reino Unido;
Fade to Black (Sony PlayStation 1, 1996) Raro;5,18 EUR;+ 4,31 EUR de envío;Vendidos  28 sep 2021Artículo vendido;desde Estados Unidos;
Fade to Black (Sony PlayStation 1 PS1, 1996) Completo;14,66 EUR;Envío gratis;Vendidos  27 sep 2021Artículo vendido;desde Estados Unidos;
Fade to Black (Sony PlayStation 1 PS1, 1996) Completo con Manual Probado;15,52 EUR;Envío gratis;Vendidos  26 sep 2021Artículo vendido;desde Estados Unidos;
Fade to Black PS1 Sony Playstation Solo Manual De Instrucciones;4,31 EUR;Envío gratis;Vendidos  25 sep 2021Artículo vendido;desde Estados Unidos;
Fade to Black PlayStation 1 PS1 Completa Con Manual Probado Funcionando;10,35 EUR;+ 3,27 EUR de envío;Vendidos  22 sep 2021Artículo vendido;desde Estados Unidos;
Fade to Black (Sony PlayStation 1, 1996) PS1 PSOne PSX 2 3 Cartucho en Caja Reg. Black Label;25,84 EUR;+ 2,55 EUR de envío;Vendidos  18 sep 2021Artículo vendido;desde Estados Unidos;
Fade to Black (Sony PlayStation 1, 1996) - Black Label Completo En Caja;7,77 EUR;+ 3,62 EUR de envío;Vendidos  16 sep 2021Artículo vendido;desde Estados Unidos;
Fade to Black (PlayStation 1, PS1 1995) de largo Caja. Cartucho en Caja. probado y funciona.;28,03 EUR;+ 5,13 EUR de envío;Vendidos  4 sep 2021Artículo vendido;desde Estados Unidos;
Fade to Black (Sony PlayStation 1, 1996), negro etiqueta, pre-owned, aceptable;2,16 EUR;+ 4,31 EUR de envío;Vendidos  26 ago 2021Artículo vendido;desde Estados Unidos;
Fade to Black Sony PlayStation 1 PS1 Cartucho en Caja video juego de acción completa;12,07 EUR;+ 3,45 EUR de envío;Vendidos  26 ago 2021Artículo vendido;desde Estados Unidos;
Fade to Black (Sony PlayStation 1, 1996) - Con Estuche Y Disco Ps1 Shooter Retro Juego;9,48 EUR;+ 3,18 EUR de envío;Vendidos  24 ago 2021Artículo vendido;desde Estados Unidos;
Fade to Black (Sony PlayStation 1 PS1, 1996) Completo con Manual Probado;12,87 EUR;+ 4,14 EUR de envío;Vendidos  20 ago 2021Artículo vendido;desde Estados Unidos;
Fade to Black (Sony PlayStation 1 PS1, 1996) Black Label Completo con Manual;12,93 EUR;Envío gratis;Vendidos  18 ago 2021Artículo vendido;desde Estados Unidos;
Fade to Black (Sony PlayStation 1 PS1, 1996) Completo con Manual Probado;12,94 EUR;+ 3,45 EUR de envío;Vendidos  15 ago 2021Artículo vendido;desde Estados Unidos;
Fade to Black (Sony PlayStation 1, 1996) - PS1 Ps2 Ps3 Completa;12,94 EUR;Envío gratis;Vendidos  12 ago 2021Artículo vendido;desde Estados Unidos;
Fade to Black (Sony PlayStation 1 probado y completo, 1996);8,20 EUR;+ 3,02 EUR de envío;Vendidos  1 ago 2021Artículo vendido;desde Estados Unidos;
Fade to Black (Sony PlayStation 1, 1996) - Versión Europea;4,66 EUR;+ 4,14 EUR de envío;Vendidos  27 jul 2021Artículo vendido;desde Estados Unidos;
Fade to Black (Sony PlayStation 1 PS1, 1996) completo con manual * Probado *;10,09 EUR;+ 4,31 EUR de envío;Vendidos  20 jul 2021Artículo vendido;desde Estados Unidos;
Fade to Black (Sony PlayStation 1, 1996) PS1 Black Label Completo En Caja;6,47 EUR;+ 4,19 EUR de envío;Vendidos  19 jul 2021Artículo vendido;desde Estados Unidos;
Fade to Black (Sony PlayStation 1, 1996) Ps1;1,29 EUR;+ 3,45 EUR de envío;Vendidos  18 jul 2021Artículo vendido;desde Estados Unidos;
Fade to Black (SONY PLAYSTATION 1 PS1) completo-probado y funciona muy bien;12,93 EUR;Envío gratis;Vendidos  18 jul 2021Artículo vendido;desde Estados Unidos;
Fade to Black Sony Playstation PS1 Cartucho Completo En Caja;8,59 EUR;+ 4,27 EUR de envío;Vendidos  16 jul 2021Artículo vendido;desde Estados Unidos;
Fade to Black - Long Box - Sony Playstation 1 PS1 Box + Manual and Inserts ONLY;30,64 EUR;+ 14,30 EUR de envío;Vendidos  16 jul 2021Artículo vendido;desde Canadá;
Fade to Black Completo Para PlayStation 1 PS1 PS2 2 Cartucho en Caja ** ** probado y funciona muy bien;11,00 EUR;+ 4,14 EUR de envío;Vendidos  14 jul 2021Artículo vendido;desde Estados Unidos;
Fade to Black EA Sony Playstation 1 PS1 como nuevo Disco Completo -!;13,80 EUR;Envío gratis;Vendidos  5 jul 2021Artículo vendido;desde Estados Unidos;
Fade to Black-Caja Grande-Falta Manual;5,82 EUR;+ 34,65 EUR de envío estimado;Vendidos  1 ago 2021Artículo vendido;desde Reino Unido;
PC IBM dos Big Box Fade to Black Briefcase Shaped Box;37,50 EUR;+ 29,30 EUR de envío;Vendidos  25 jul 2021Artículo vendido;desde Países Bajos;
Fade to Black-Caja Grande PC CD-ROM un electrónica Arts-en muy buena condición;11,30 EUR;+ 20,26 EUR de envío estimado;Vendidos  5 ago 2021Artículo vendido;desde Reino Unido;
Fade to Black-Caja Grande 1994 PC CD-ROM juego por Electronic Arts-Completo;29,07 EUR;+ 16,86 EUR de envío estimado;Vendidos  20 ago 2021Artículo vendido;desde Reino Unido;
Metallica ‎– Fade to Black 2x LP Live at Playhouse 1986 double vinyl New Sealed;130,00 EUR;+ 26,00 EUR de envío;Vendidos  17 sep 2021Artículo vendido;desde España;
Evil Masquerade-Fade to Black CD 2009;8,39 EUR;+ 3,80 EUR de envío;Vendidos  18 ago 2021Artículo vendido;desde Alemania;
Fade to Black CD NEW SOUNDTRACKS NOIR STYLE - Peaky, Breaking Bad, Wire Etc.;5,76 EUR;+ 16,44 EUR de envío estimado;Vendidos  19 sep 2021Artículo vendido;desde Reino Unido;
