ATV: Quad Power Racing 2 SONY PLAYSTATION 2 2003 ACCLAIM Studios PROBADO/OBRAS;13,76 EUR;+ 3,41 EUR de envío;Vendidos  2 oct 2021Artículo vendido;desde Estados Unidos;
ATV: Quad Power Racing 2 (Sony PlayStation 2, 2003) Completo Con Manual Completo En Caja;7,74 EUR;Envío gratis;Vendidos  29 sep 2021Artículo vendido;desde Estados Unidos;
ATV: Quad Power Racing (Sony PlayStation 1, 2000);5,42 EUR;Envío gratis;Vendidos  29 sep 2021Artículo vendido;desde Estados Unidos;
ATV: Quad Power Racing (Sony PlayStation 1, 2000);7,75 EUR;Envío gratis;Vendidos  24 sep 2021Artículo vendido;desde Estados Unidos;
ATV: Quad Power Racing (Sony PlayStation 1) - PS1-Black Label-Completo;3,88 EUR;+ 4,40 EUR de envío;Vendidos  19 sep 2021Artículo vendido;desde Estados Unidos;
ATV: Quad Power Racing 2 (Sony PlayStation 2, 2003)! envío Gratuito!;7,33 EUR;Envío gratis;Vendidos  17 sep 2021Artículo vendido;desde Estados Unidos;
ATV: Quad Power Racing 2 (PlayStation 2, PS2) - disco solamente-A612 libre de envío y manipulación;3,18 EUR;Envío gratis;Vendidos  9 sep 2021Artículo vendido;desde Estados Unidos;
ATV: Quad Power Racing 2 (Sony PlayStation 2, PS2 2003) completo T/002;8,58 EUR;Envío gratis;Vendidos  6 sep 2021Artículo vendido;desde Estados Unidos;
ATV: Quad Power Racing 2 (Sony PlayStation 2, 2003) PS2 W Manual-Probado;8,61 EUR;Envío gratis;Vendidos  5 sep 2021Artículo vendido;desde Estados Unidos;
ATV: Quad Power Racing 2 (PlayStation 2, PS2) - disco solamente;3,44 EUR;Envío gratis;Vendidos  3 sep 2021Artículo vendido;desde Estados Unidos;
ATV: Quad Power Racing (Sony PlayStation 1, 2000) PS1;14,61 EUR;Envío gratis;Vendidos  1 sep 2021Artículo vendido;desde Estados Unidos;
ATV: Quad Power Racing (Sony Playstation 1, 2000) PS1 Juego Completo ~ ~ agradable;5,07 EUR;Envío gratis;Vendidos  29 ago 2021Artículo vendido;desde Estados Unidos;
ATV: Quad Power Racing 2 (PlayStation 2, PS2) Disco Solamente, Probado;5,17 EUR;Envío gratis;Vendidos  28 ago 2021Artículo vendido;desde Estados Unidos;
ATV: Quad Power Racing 2 (Sony PlayStation 2, 2003) PS2 completa Completo en Caja Con Manual;7,32 EUR;Envío gratis;Vendidos  27 ago 2021Artículo vendido;desde Estados Unidos;
ATV: Quad Power Racing 2 (Sony PlayStation 2, 2003) Completo;4,31 EUR;+ 4,53 EUR de envío;Vendidos  26 ago 2021Artículo vendido;desde Estados Unidos;
ATV: Quad Power Racing 2 (Sony PlayStation 2, de 2003, Acclaim) Completa Con Manual;3,81 EUR;+ 4,18 EUR de envío;Vendidos  26 ago 2021Artículo vendido;desde Estados Unidos;
ATV: Quad Power Racing 2 con manual (Sony PlayStation 2 probado, 2003);7,75 EUR;Envío gratis;Vendidos  26 ago 2021Artículo vendido;desde Estados Unidos;
ATV: Quad Power Racing 2 (Sony PlayStation 2, 2003);1,72 EUR;+ 4,40 EUR de envío;Vendidos  26 ago 2021Artículo vendido;desde Estados Unidos;
ATV: Quad Power Racing 2 (Sony PlayStation 2, 2003) ~~~!!!! envío Gratuito!!! ~~~;7,33 EUR;Envío gratis;Vendidos  26 ago 2021Artículo vendido;desde Estados Unidos;
ATV: Quad Power Racing 2 con manual (Sony Playstation 2; 2003);7,75 EUR;Envío gratis;Vendidos  26 ago 2021Artículo vendido;desde Estados Unidos;
ATV: Quad Power Racing 2 (Sony PlayStation 2, 2003);5,08 EUR;Envío gratis;Vendidos  26 ago 2021Artículo vendido;desde Estados Unidos;
ATV: Quad Power Racing 2-Sony PlayStation 2-PS2-CIB con Manual-Probado-Envío Gratis;8,61 EUR;Envío gratis;Vendidos  21 ago 2021Artículo vendido;desde Estados Unidos;
ATV: Quad Power Racing 2 (Sony PlayStation 2, de 2003, Con Manual, envío gratuito);6,89 EUR;Envío gratis;Vendidos  21 ago 2021Artículo vendido;desde Estados Unidos;
ATV: Quad Power Racing 2 (PlayStation 2, sólo disco PS2).;4,53 EUR;Envío gratis;Vendidos  21 ago 2021Artículo vendido;desde Estados Unidos;
ATV: Quad Power Racing 2 (Sony PlayStation 2, PS2 2003) COMPLETO FUNCIONA Probado;8,61 EUR;Envío gratis;Vendidos  21 ago 2021Artículo vendido;desde Estados Unidos;
ATV: Quad Power Racing 2 (Sony PlayStation 2, PS2 2003) Completo con Manual;7,63 EUR;Envío gratis;Vendidos  19 ago 2021Artículo vendido;desde Estados Unidos;
ATV: Quad Power Racing (Sony PlayStation 1, 2000);2,79 EUR;Envío gratis;Vendidos  19 ago 2021Artículo vendido;desde Estados Unidos;
ATV: Quad Power Racing 2 (Sony PlayStation 2, PS2 2003) COMPLETO FUNCIONA Probado;8,61 EUR;Envío gratis;Vendidos  17 ago 2021Artículo vendido;desde Estados Unidos;
ATV: Quad Power Racing 2 (Sony PlayStation 2, PS2 2003) Probado Funcionando & Clean;8,61 EUR;Envío gratis;Vendidos  16 ago 2021Artículo vendido;desde Estados Unidos;
ATV: Quad Power Racing 2-Playstation 2 Juego Completo;2,99 EUR;+ 2,54 EUR de envío;Vendidos  15 ago 2021Artículo vendido;desde Estados Unidos;
ATV: Quad Power Racing 2 (Sony PlayStation 2, PS2 2003) COMPLETO FUNCIONA Probado;8,19 EUR;Envío gratis;Vendidos  13 ago 2021Artículo vendido;desde Estados Unidos;
ATV: Quad Power Racing (Sony PlayStation 1) - PS1-Black Label-Completo;7,75 EUR;+ 4,40 EUR de envío;Vendidos  11 ago 2021Artículo vendido;desde Estados Unidos;
ATV: Quad Power Racing (Sony PlayStation 1) - PS1-Black Label-Completo;3,45 EUR;Envío gratis;Vendidos  3 ago 2021Artículo vendido;desde Estados Unidos;
