Dance Dance Revolution: edición del canal Disney (Sony PlayStation 2, 2008);16,11 EUR;+ 6,99 EUR de envío;desde Reino Unido;
Dance Dance Revolution De Vídeo Juego Para Sony PlayStation PS1 japonés probado 86222;9,33 EUR;+ 16,56 EUR de envío estimado;desde Reino Unido;
Dance Dance Revolution: 2nd Mix Para Sony PlayStation PS1 japonés probado 88252;11,66 EUR;+ 16,60 EUR de envío estimado;desde Reino Unido;
Dance Dance Revolution - Playstation PS1 JAP Japan complet spin card;12,90 EUR;Envío no especificado;desde Francia;
Dance Dance Revolution 2nd Remix Japón Sony Playstation 1 PS1 Juego;1,72 EUR;+ 9,74 EUR de envío;desde Países Bajos;
Sony PS1 Playstation - Dance Dance Revolution 2nd Remix - VERSIÓN JAPÓN + SPINE;13,90 EUR;+ 17,90 EUR de envío;desde España;
Dance Dance Revolution-Sony PlayStation 1-NTSC JAP-B-Ware;10,00 EUR;+ 0,99 EUR de envío;desde Austria;
Dance Dance Revolution 2nd Remix JPN - Playstation 1 - PS1 - JP;5,84 EUR;+ 19,95 EUR de envío;desde Países Bajos;
Dance Dance Revolution 2nd ReMix Append Club Version 2 Playstation PS1 JAP Japan;1,90 EUR;+ 3,80 EUR de envío;desde Francia;
Playstation PS1:Dance Dance Revolution [TOP KONAMI & 1ERE EDITION] Jap;9,90 EUR;+ 3,30 EUR de envío;desde Francia;
PS1 PS PlayStation 1 Dance Dance Revolution 2nd Japón importación Juego;10,50 EUR;+ 16,58 EUR de envío estimado;desde Reino Unido;
Dance Dance Revolution De Vídeo Juego Para Sony PlayStation PS1 japonés probado 86222;9,33 EUR;+ 16,56 EUR de envío estimado;desde Reino Unido;
Dance Dance Revolution: 2nd Mix Para Sony PlayStation PS1 japonés probado 88252;5,83 EUR;+ 16,50 EUR de envío estimado;desde Reino Unido;
Dance Dance Revolution De Vídeo Juego Para Sony PlayStation PS1 japonés probado 86222;9,33 EUR;+ 16,56 EUR de envío estimado;desde Reino Unido;
Dance Dance Revolution 2nd Remix Para Sony PlayStation PS1 NTSC-J Japonés 86252;9,33 EUR;+ 16,56 EUR de envío estimado;desde Reino Unido;
Dance Dance Revolution 2nd Remix-Konami 1999-Sony Playstation 1 PS1 NTSC-J;7,75 EUR;+ 4,77 EUR de envío;desde Reino Unido;
Dance Dance Revolution De Vídeo Juego Para Sony PlayStation PS1 japonés probado 86222;11,66 EUR;+ 16,60 EUR de envío estimado;desde Reino Unido;
Dance Dance Revolution 2nd Remix - Sony Playstation PS1 JAP Japan complet;8,90 EUR;+ 11,00 EUR de envío;desde Francia;
Playstation PS1:Dance Dance Revolution 3rdMIX [TOP KONAMI & 1ERE EDITION] Jap;9,90 EUR;+ 3,30 EUR de envío;desde Francia;
Dance Dance Revolution DDR Konami Sony Playstation PS1 Japón importación SLPM - 86222;5,95 EUR;+ 7,76 EUR de envío;desde Suiza;
Dance Dance Revolution-Konami 1999-Sony Playstation 1 PS1 NTSC-J;7,75 EUR;+ 1,14 EUR de envío;desde Reino Unido;
Dance Dance Revolution-Konami 1999-Sony Playstation 1 PS1 NTSC-J;6,99 EUR;+ 4,67 EUR de envío;desde Reino Unido;
Vintage PlayStation 1 PS1 Dance Dance Revolution 2nd Remix * Importado Japonés *;9,34 EUR;+ 11,09 EUR de envío;desde Reino Unido;
