Crash Bash-Sony PlayStation 1, 2001;30,04 EUR;+ 16,77 EUR de envío estimado;desde Reino Unido;
Crash bandicoot juego de Playstation 1 PS1 X 4 Paquete (1, 3, CTR & Crash Bash);75,07 EUR;+ 22,25 EUR de envío estimado;desde Reino Unido;
Crash Bash-Playstation One-Black Label Juego Completo PS1 en muy buen estado PAL;34,66 EUR;+ 16,85 EUR de envío estimado;desde Reino Unido;
Crash Bash PS1 PlayStation 1 PAL disco de juego solamente Platino Bandicoot Fiesta;14,97 EUR;+ 9,25 EUR de envío;desde Reino Unido;
SONY 1 Crash Bash PLAY STATION (auténtico SONY Sellado de Plata);248,44 EUR;Envío internacional gratis;desde Reino Unido;
Crash Bash - PS1 (complet) playstation 1;25,99 EUR;+ 12,50 EUR de envío;desde Francia;
Crash Bash ps1 PlayStation 1 PSX cib pal UE UK lo el pt muy bien;39,90 EUR;+ 10,00 EUR de envío;desde Alemania;
Crash Bash De Vídeo Juego Para Sony PlayStation PS1-falta la parte delantera de la manga;23,06 EUR;+ 16,64 EUR de envío estimado;desde Reino Unido;
Crash Bash PLAYSTATION 1;283,17 EUR;+ 5,77 EUR de envío;desde Reino Unido;
Crash Bash MANUAL DE INSTRUCCIONES Playstation PS1;14,95 EUR;+ 19,95 EUR de envío;desde España;
Crash Bash SONY PLAYSTATION 1 PS1 PS2 PS3 Juego Con Manual Pal oficiales del Reino Unido;34,66 EUR;+ 16,85 EUR de envío estimado;desde Reino Unido;
Crash Bash juego PlayStation PS1 Manual incl Reino Unido PAL One completa en muy buena condición;23,06 EUR;+ 16,64 EUR de envío estimado;desde Reino Unido;
Crash Bash Sony Playstation 1 juego PS1;34,66 EUR;+ 20,80 EUR de envío;desde Reino Unido;
Sony Playstation PS1 - Crash Bash - CD Seul ;19,99 EUR;+ 4,00 EUR de envío;desde Francia;
Crash Bash Sony PlayStation 1 Nuevo Y Sellado Raro;202,25 EUR;+ 33,95 EUR de envío estimado;desde Reino Unido;
Crash Bash-disco-PlayStation PS1-PS2 PS3 Raro;17,33 EUR;+ 11,55 EUR de envío;desde Reino Unido;
Sony Playstation PS1 - Crash Bash - PAL;44,99 EUR;+ 9,50 EUR de envío;desde Francia;
Crash Bash + CTR Crash Team Racing -- (Sony PlayStation 1);115,58 EUR;+ 26,71 EUR de envío estimado;desde Reino Unido;
Crash Bash Platinum (Sony PlayStation 1, 2000) - versión europea (40);28,88 EUR;+ 16,75 EUR de envío estimado;desde Reino Unido;
PS1 Playstation 1 Platino Juego-Crash Bash - - disco solamente-MBC-Gratis Reino Unido Pp;15,01 EUR;+ 16,49 EUR de envío estimado;desde Reino Unido;
Crash Bash Sony Playstation 1 juego PS1 Platino;28,88 EUR;+ 20,80 EUR de envío;desde Reino Unido;
Crash Bash PlayStation 1;17,33 EUR;+ 19,95 EUR de envío estimado;desde Reino Unido;
Crash Bash Platinum PS buena Playstation 1 videojuegos Crash-bandicoot juego;21,38 EUR;+ 16,61 EUR de envío estimado;desde Reino Unido;
Crash Bash & Crash Bandicoot 3 deformado Paquete De Juegos Playstation 1 PS1;23,10 EUR;+ 16,64 EUR de envío estimado;desde Reino Unido;
PS1 / Sony Playstation 1 juego - Crash Bash CD con manual usado;60,99 EUR;Envío internacional gratis;desde Alemania;
Crash Bash - PS1 Loose Version Française Platinum PlayStation;19,95 EUR;+ 8,00 EUR de envío;desde Francia;
Crash Bash -- Platinum (Sony PlayStation 1, 2001) -;20,83 EUR;+ 18,37 EUR de envío estimado;desde Reino Unido;
SONY PLAYSTATION PS1-Crash Bash Platino #G90 En Caja;15,65 EUR;+ 20,15 EUR de envío estimado;desde Reino Unido;
Crash Bash Playstation NEW;699,90 EUR;+ 19,99 EUR de envío;desde España;
Sony Playstation Crash Bash disco solamente One;13,86 EUR;+ 16,47 EUR de envío estimado;desde Reino Unido;
Ps1 Playstation 1 Crash Bash;28,88 EUR;+ 16,75 EUR de envío estimado;desde Reino Unido;
Genuine PlayStation 1 Crash Bash y Crash Bandicoot deformado Vintage;46,22 EUR;+ 17,06 EUR de envío estimado;desde Reino Unido;
PlayStation 1 (ps1) + 4 juegos (Crash Bash, gran turismo, racing) + 2 Controller;105,00 EUR;+ 37,50 EUR de envío;desde Alemania;
PS1 / Sony Playstation 1 juego - Crash Bash en el embalaje usado;42,99 EUR;Envío internacional gratis;desde Alemania;
