Break Out (Breakout)/disco solamente/Playstation 1 PS1 PS2;3,34 EUR;+ 16,50 EUR de env칤o estimado;desde Reino Unido;
Breakout Sony PlayStation 1 en muy buen estado Completo r치pida Libre Post;10,53 EUR;+ 16,63 EUR de env칤o estimado;desde Reino Unido;
Superbike Racing Frogger 2 Breakout PLAYSTATION 1 discos de juegos ex por favor leer;14,00 EUR;+ 40,60 EUR de env칤o estimado;desde Reino Unido;
Hello Kitty volumen 3 Breakout con la columna-Playstation 1 PS1-Jap칩n JPN-Completo;18,73 EUR;+ 16,78 EUR de env칤o estimado;desde Reino Unido;
Breakout-Playstation 1/2 PS1 PS2-ATARI-ni침os juego de la familia;5,27 EUR;+9,37 EUR de env칤o;desde Reino Unido;
Breakout - PS1 Loose Version Fran칞aise PlayStation Sony;19,95 EUR;+8,00 EUR de env칤o;desde Francia;
Utiliza PS1 PS PlayStation 1 Breakout 2 00023 Jap칩n importaci칩n NTSC-J 游 游 con la columna;11,71 EUR;+ 16,66 EUR de env칤o estimado;desde Reino Unido;
Rocket League Breakout Mamut Calcomanias Sony PlayStation PSN 4 5;2,99 EUR;Env칤o internacional gratis;desde Espa침a;
Sony Playstation 1 PS1 Juego-Breakout - 5023117570094;7,02 EUR;+ 19,49 EUR de env칤o estimado;desde Reino Unido;
Breakout completa con disco y las instrucciones Playstation one 1 PS1 PS PSX PSONE;19,90 EUR;+ 20,43 EUR de env칤o estimado;desde Reino Unido;
* S칩lo Disco * Break Out Breakout Playstation 1 PS1 PSOne PS PSX One;8,14 EUR;Env칤o no especificado;desde Reino Unido;
*** *** incrustaci칩n de espalda s칩lo Break Out Breakout Playstation One 1 PS1 PS PSX PSONE;3,46 EUR;Env칤o no especificado;desde Reino Unido;
Rocket League Breakout Heiwa Calcomanias Sony PlayStation PSN 4 5;2,99 EUR;Env칤o internacional gratis;desde Espa침a;
Rocket League Breakout Puntos Matrix Calcomanias Sony PlayStation PSN 4 5;2,99 EUR;Env칤o internacional gratis;desde Espa침a;
Rocket League Breakout Type S Zero Sum Calcomanias Sony PlayStation PSN 4 5;2,99 EUR;Env칤o internacional gratis;desde Espa침a;
