Disney 102 Dálmatas: Cachorros al rescate Sony PlayStation Completa;15,30 EUR;Envío gratis;Vendidos  15 sep 2021Artículo vendido;desde Estados Unidos;
Disney 102 Dálmatas: Cachorros al rescate (Sony PlayStation 1 PS1 2000) Completo En Caja;21,51 EUR;Envío gratis;Vendidos  9 sep 2021Artículo vendido;desde Estados Unidos;
Disney 102 Dálmatas: Cachorros al rescate (Sony PlayStation 1) Disco Solamente;8,58 EUR;Envío gratis;Vendidos  5 sep 2021Artículo vendido;desde Estados Unidos;
Sony PlayStation 1 PS1 disco solamente Disney 102 Dálmatas: Cachorros al rescate;12,91 EUR;Envío gratis;Vendidos  4 sep 2021Artículo vendido;desde Estados Unidos;
Disney 102 Dálmatas: Cachorros al rescate (Sony PlayStation 1, 2000);17,22 EUR;Envío gratis;Vendidos  29 ago 2021Artículo vendido;desde Estados Unidos;
Disney 102 Dálmatas: Cachorros al rescate (Sony PlayStation 1, 2000);12,04 EUR;Envío gratis;Vendidos  26 ago 2021Artículo vendido;desde Estados Unidos;
Disney 102 Dálmatas: Cachorros al rescate (Sony PlayStation 1 PS1 2000) Completo En Caja;11,15 EUR;+ 4,26 EUR de envío;Vendidos  26 ago 2021Artículo vendido;desde Estados Unidos;
Disney 102 Dálmatas: Cachorros al rescate (Sony PlayStation 1 PS1 2000) Completo En Caja;21,51 EUR;Envío gratis;Vendidos  26 ago 2021Artículo vendido;desde Estados Unidos;
Disney 102 Dálmatas: Cachorros al rescate (Sony PlayStation 1 probado, 2000);10,29 EUR;+ 4,22 EUR de envío;Vendidos  14 ago 2021Artículo vendido;desde Estados Unidos;
Disney 102 Dálmatas: Cachorros al rescate PlayStation PS1 Completo Y Manual;19,79 EUR;Envío gratis;Vendidos  12 ago 2021Artículo vendido;desde Estados Unidos;
Disney 102 Dálmatas: Cachorros al rescate (Sony PlayStation 1, 2000);12,05 EUR;Envío gratis;Vendidos  6 ago 2021Artículo vendido;desde Estados Unidos;
102 Dálmatas: Cachorros al rescate-PlayStation;11,86 EUR;Envío gratis;Vendidos  3 ago 2021Artículo vendido;desde Estados Unidos;
Disney 102 Dálmatas: Cachorros al rescate (Sony PlayStation 1, 2000);4,74 EUR;+ 2,75 EUR de envío;Vendidos  1 ago 2021Artículo vendido;desde Estados Unidos;
102 Dálmatas: Cachorros al rescate-PlayStation;4,83 EUR;Envío gratis;Vendidos  31 jul 2021Artículo vendido;desde Estados Unidos;
Disney 102 Dálmatas: Cachorros al rescate (Sony PlayStation 1, 2000);8,61 EUR;+ 2,75 EUR de envío;Vendidos  25 jul 2021Artículo vendido;desde Estados Unidos;
Disney 102 Dálmatas: Cachorros al rescate (Sony PlayStation 1, 2000);7,75 EUR;+ 4,26 EUR de envío;Vendidos  20 jul 2021Artículo vendido;desde Estados Unidos;
