PlayStation 1 * Cyberia * ps1/ps2/psx OVP;19,95 EUR;+ 6,70 EUR de envío;desde Alemania;
PlayStation 1 * Cyberia * ps1/ps2/psx OVP con instrucciones;22,95 EUR;+ 6,70 EUR de envío;desde Alemania;
Playstation 1 - Cyberia - MINT - Manual INCLUDED;18,00 EUR;+ 11,00 EUR de envío;desde Países Bajos;
Cyberia-Sony PlayStation 1-PAL-B-Ware;13,06 EUR;+ 0,99 EUR de envío;desde Austria;
Cyberia. PS1 Juego. completa (PlayStation One, PS2, PS3. PAL);32,30 EUR;+ 14,74 EUR de envío;desde Reino Unido;
Cyberia - Sony PlayStation PS1 - PAL FR Caja Rota Completo;12,95 EUR;+ 15,00 EUR de envío;desde España;
Cyberia (Sony Playstation 1, 1994) - edición en ruso;15,93 EUR;+ 6,89 EUR de envío;desde Rusia;
Cyberia-Sony PS1 Playstation 1 Juego-disco solamente!!!;11,52 EUR;+ 11,55 EUR de envío;desde Reino Unido;
Manual de instrucciones para PS1 Psone Playstation Cyberia Juego;8,06 EUR;+ 11,55 EUR de envío;desde Reino Unido;
Incrustación de arte trasero para Arte de Caja PS1 Psone Playstation Cyberia Juego;5,74 EUR;+ 11,55 EUR de envío;desde Reino Unido;
Cyberia PlayStation 1 muy bien OVP USK a partir de 12 Electronic Arts einkaufgp;17,77 EUR;Envío no especificado;desde Alemania;
Cyberia PlayStation;79,00 EUR;Envío no especificado;desde Alemania;
Ps1 Cyberia Danger never sí tan Good OVP Sony PlayStation 1 #ps1#02365 bestse;12,89 EUR;Envío no especificado;desde Alemania;
PS1 Cyberia Peligro Never Looked So Good Emb.orig sony PLAYSTATION 1 #PS1 #02365;13,10 EUR;Envío no especificado;desde Alemania;
Cyberia (Sony PlayStation 1, 1996) PS1 LONGBOX;21,51 EUR;Envío gratis;desde Estados Unidos;
Cyberia (Sony PlayStation 1) completo-PS1 Probado;17,21 EUR;desde Estados Unidos;
Cyberia completo Playstation 1;19,37 EUR;Envío gratis;desde Estados Unidos;
Cyberia PS1 Playstation CCC p1;10,33 EUR;+ 14,64 EUR de envío;desde Japón;
Cyberia Playstation 1 un disco solamente probado funciona Muy Buen Estado;3,44 EUR;+ 4,39 EUR de envío;desde Estados Unidos;
Cyberia (Sony Playstation) PS1 * Larga Caja * Completo;21,44 EUR;Envío gratis;desde Estados Unidos;
Cyberia (Sony PlayStation 1, 1996) Longbox no manual;6,02 EUR;+ 4,48 EUR de envío;desde Estados Unidos;
Cyberia (Sony PlayStation 1, 1996), Sellado Nueva.;430,46 EUR;+ 8,52 EUR de envío;desde Estados Unidos;
Cyberia (Sony PlayStation 1, 1996);9,47 EUR;+ 8,61 EUR de envío;desde Estados Unidos;
Cyberia (Sony PlayStation 1, 1996);12,91 EUR;+ 4,26 EUR de envío;desde Estados Unidos;
Cyberia (Sony PlayStation 1, 1996);21,52 EUR;+ 2,75 EUR de envío;desde Estados Unidos;
Cyberia PS1 Sony Playstation * disco solamente * probado envío rápido!;9,43 EUR;Envío gratis;desde Estados Unidos;
Video Juego Cyberia (Sony PlayStation 1, 1996) Disco Solamente;8,57 EUR;+ 7,32 EUR de envío;desde Estados Unidos;
Cyberia (Sony PlayStation 1, 1996): completo-Longbox;15,49 EUR;+ 4,78 EUR de envío;desde Estados Unidos;
Cyberia (Sony PlayStation 1, 1996) Completo envío gratuito y probados (G1);17,21 EUR;desde Estados Unidos;
Cyberia (Sony PlayStation 1, 1996);6,88 EUR;Envío gratis;desde Estados Unidos;
Playstation Cyberia interacción peligro nunca se vio tan bien;21,52 EUR;+ 6,89 EUR de envío;desde Estados Unidos;
Sony PlayStation PS1 Lote de 5 Juegos CYBERSPEED Defcon 5 Cyberia Pong misil Co;26,69 EUR;Envío gratis;desde Estados Unidos;
Cyberia (Sony Playstation 1 ps1) con caja de largo justo;12,91 EUR;desde Estados Unidos;
Cyberia (Sony PlayStation 1, 1996) PS1 Juego en Funda Lisa! Excelente!;7,71 EUR;+ 2,58 EUR de envío;desde Estados Unidos;
Cyberia Sony PlayStation 1 PS1-disco solamente-Probado Y Funcionando;7,74 EUR;Envío gratis;desde Estados Unidos;
Cyberia Sony Playstation PS1 juego largo Caja Super limpio sin folleto;17,21 EUR;+ 6,97 EUR de envío;desde Estados Unidos;
SONY Playstation PAL Game: Cyberia;37,13 EUR;+ 27,85 EUR de envío;desde Australia;
Cyberia Sony PlayStation 1 PS1-disco solamente-trabajo;8,60 EUR;Envío gratis;desde Estados Unidos;
Cyberia para el Japón Playstation 1 PS1 Juego;9,36 EUR;+ 4,87 EUR de envío;desde Estados Unidos;
PlayStation -- Cyberia -- PS1. Japón. 15851 Juego. trabajo.;11,19 EUR;+ 4,30 EUR de envío;desde Japón;
PlayStation -- Cyberia -- Tarjeta de la columna vertebral. PS1. Japón. 15851 Juego. trabajo.;21,52 EUR;+ 8,61 EUR de envío;desde Japón;
Lote 2 la colmena guerras + Cyberia conjunto columna vertebral PlayStation 1 PS 1 Japón shooter de acción;17,22 EUR;+ 12,91 EUR de envío;desde Japón;
Cyberia PS1 PSX Playstation 1 ad Impresión Cartel 7.75x10.75;12,87 EUR;desde Estados Unidos;
Cyberia-tarjeta de pantalla de venta por menor Toys R Us-Playstation 1 PS1-Vidpro 1996 Rara;17,18 EUR;+ 4,26 EUR de envío;desde Estados Unidos;
Los experimentos en serie Lain Cyberia mezcla pista de sonido Pioneer Playstation Juego de música;94,70 EUR;Envío internacional gratis;desde Japón;
Cyberia piezas PS1 Playstation 1 1994 anuncio impreso de colección/decoración arte cartel Video Juego;12,91 EUR;Envío gratis;desde Estados Unidos;
Cyberia PS1 PLAYSTATION PS importación Japón juego de video p1;12,91 EUR;+ 14,64 EUR de envío;desde Japón;
