Final Fantasy VI 6 | PlayStation 1 | ps1 | PS x | ps one | usado en OVP;27,99 EUR;+15,00 EUR de env칤o;desde Alemania;
Final Fantasy VI Vga 90 Pal-UK Sony Playstation 1 PSX Sellado Nuevo;1.751,25 EUR;+0,01 EUR de env칤o;desde Australia;
Final Fantasy VI PS1 - FF6 Playstation 1 - Sans Notice;35,00 EUR;+30,00 EUR de env칤o;desde Francia;
Final Fantasy VI PS1 + DEMO Final Fantasy X (Incluye Manual) PlayStation PAL ESP;80,00 EUR;Env칤o no especificado;desde Espa침a;
Final Fantasy VI para PlayStation 1 ps1 PSOne PSX * embalaje original *;25,99 EUR;Env칤o no especificado;desde Alemania;
Final Fantasy VI 6 ps1 PlayStation 1 PSX cib PAL de + Demo FF X;59,90 EUR;+10,00 EUR de env칤o;desde Alemania;
PS1 Juego Final Fantasy VI COMPLETE RARE en muy buen estado PAL Playstation 1 R치pido Gratis Reino Unido Pp;46,64 EUR;+17,45 EUR de env칤o;desde Reino Unido;
Final Fantasy VI 6 + demostraci칩n SONY PLAYSTATION 1 PS1 PS2 PS3 Juego Con Manual PAL Reino Unido;46,69 EUR;+ 17,23 EUR de env칤o estimado;desde Reino Unido;
游꿡 Final Fantasy VI (6) (Sony PlayStation 1, PS1) - cerca de nuevo, sin usar 游꿡;70,04 EUR;+ 22,37 EUR de env칤o estimado;desde Reino Unido;
PLAYSTATION 1 PS1 Juego Final Fantasy VI (6) + Demostraci칩n con manuales;35,03 EUR;+ 17,02 EUR de env칤o estimado;desde Reino Unido;
Sony Playstation PS1 - Final Fantasy VI 6 - PAL;79,99 EUR;+26,20 EUR de env칤o;desde Francia;
Final Fantasy VI Sony Playstation 1 juego PS1;40,85 EUR;+21,02 EUR de env칤o;desde Reino Unido;
Sony ps1 PlayStation 1 Final Fantasy VI 6 + Final Fantasy X ps2 demo;41,99 EUR;+20,00 EUR de env칤o;desde Alemania;
Playstation PS1:Final Fantasy VI [TOP RPG & 1ERE EDITION] Fr;69,90 EUR;+30,30 EUR de env칤o;desde Francia;
Final Fantasy VI + Final Fantasy X demo (Sony PlayStation 1, 2002);34,99 EUR;+8,00 EUR de env칤o;desde Alemania;
Final Fantasy VI, FF VII & FF IX Platinum para Sony PlayStation 1 Black Label bien;69,99 EUR;+7,00 EUR de env칤o;desde Alemania;
Ps1/PlayStation 1 juego-Final Fantasy VI (6) (con embalaje original/Bonus Disk falta);26,99 EUR;+67,99 EUR de env칤o;desde Alemania;
PS1 / Sony Playstation 1 - Final Fantasy VI / 6 + Demo Disk en el embalaje usado;58,99 EUR;Env칤o internacional gratis;desde Alemania;
Incrustaci칩n de espalda * SOLAMENTE * Final Fantasy VI 6 embutido PS1 Psone Playstation PS 1 uno;5,83 EUR;+ 16,50 EUR de env칤o estimado;desde Reino Unido;
Final Fantasy VI y VIII Sony PlayStation 1 original!;45,50 EUR;Env칤o no especificado;desde Alemania;
Final Fantasy VI + Final Fantasy X demo (Sony PlayStation 1, 2002);39,95 EUR;Env칤o no especificado;desde Alemania;
Jeu Final Fantasy VI - PlayStation / PSone;40,00 EUR;Env칤o no especificado;desde Francia;
Ps1 Final Fantasy VI 6 + demostraci칩n en Caja Completa Juego Playstation PAL ps2 ps3;46,69 EUR;Env칤o no especificado;desde Reino Unido;
游꿡 Final Fantasy VI (6) (Sony PlayStation 1, PS1) - cerca de nuevo, sin usar 游꿡;70,04 EUR;+ 22,37 EUR de env칤o estimado;desde Reino Unido;
Ps1/PlayStation 1 juego-Final Fantasy VI (6) (con embalaje original);36,98 EUR;+67,99 EUR de env칤o;desde Alemania;
