Demolition Racer-PS1 Sony Playstation One Juego-PAL *;5,22 EUR;Envío no especificado;Vendidos  22 sep 2021Artículo vendido;desde Reino Unido;
Demolition Racer (completo) Sony PlayStation 1, Ps1, Psone Versión Original;11,62 EUR;+ 16,54 EUR de envío estimado;Vendidos  18 sep 2021Artículo vendido;desde Reino Unido;
Demolition Racer (Sony Playstation One/PS1) * probado y trabajo *;5,22 EUR;+ 16,43 EUR de envío estimado;Vendidos  20 ago 2021Artículo vendido;desde Reino Unido;
Demolition Racer-PS1 (Sony Playstation 1) COMPLETA (PAL) Black Label;11,62 EUR;+ 16,54 EUR de envío estimado;Vendidos  18 ago 2021Artículo vendido;desde Reino Unido;
Demolition Racer (Sony PlayStation 1, PS1) Manual, Pero Sin Portada;5,24 EUR;+ 16,43 EUR de envío estimado;Vendidos  15 ago 2021Artículo vendido;desde Reino Unido;
Demolition Racer Juego PlayStation PS1 buenas condiciones Manual incl One PAL;6,97 EUR;Envío no especificado;Vendidos  23 jul 2021Artículo vendido;desde Reino Unido;
Demolition Racer Para Sony Playstation 1 PS1 completos y en cerca de nuevo, sin usar;6,97 EUR;+ 23,26 EUR de envío;Vendidos  14 jul 2021Artículo vendido;desde Reino Unido;
Demolition Racer (Sony PS1 PlayStation, 1999) - disco solamente;8,59 EUR;Envío gratis;Vendidos  1 oct 2021Artículo vendido;desde Estados Unidos;
Demolition Racer (Sony Playstation 1 ps1) Completa;11,12 EUR;Envío gratis;Vendidos  30 sep 2021Artículo vendido;desde Estados Unidos;
Demolition Racer Sony PlayStation 1 1999 disco solamente probado;7,76 EUR;Envío gratis;Vendidos  30 sep 2021Artículo vendido;desde Estados Unidos;
Destruction Derby 2 & Demolition Racer (Sony PlayStation 1 ps1)! Excelente!;17,24 EUR;+ 4,14 EUR de envío;Vendidos  27 sep 2021Artículo vendido;desde Estados Unidos;
Lote De Juegos Playstation 1 ps1 Demolition Racer Dukes of Hazzard destrucción Derby;27,50 EUR;Envío gratis;Vendidos  13 sep 2021Artículo vendido;desde Estados Unidos;
Demolition Racer Playstation Game PS1 Usado Completa;14,67 EUR;Envío gratis;Vendidos  5 sep 2021Artículo vendido;desde Estados Unidos;
Demolition Racer Sony PlayStation 1/PS1 Cartucho en Caja Completo en Caja y probado! Excelente!;38,79 EUR;Envío gratis;Vendidos  5 sep 2021Artículo vendido;desde Estados Unidos;
Demolition Racer Para Playstation PS1 completar! envío rápido!;8,62 EUR;+ 2,69 EUR de envío;Vendidos  30 ago 2021Artículo vendido;desde Estados Unidos;
Demolition Racer (Sony PlayStation 1, 1999) Completo con Manual Probado Funciona;10,35 EUR;Envío gratis;Vendidos  28 ago 2021Artículo vendido;desde Estados Unidos;
Demolition Racer Para Playstation PS1 Completa;12,93 EUR;Envío gratis;Vendidos  26 ago 2021Artículo vendido;desde Estados Unidos;
Demolition Racer Para Playstation PS1 completar! envío rápido!;12,90 EUR;Envío gratis;Vendidos  11 ago 2021Artículo vendido;desde Estados Unidos;
Demolition Racer (Sony PlayStation, 1999) PS1 competir En Caja Usa;6,89 EUR;+ 2,93 EUR de envío;Vendidos  10 ago 2021Artículo vendido;desde Estados Unidos;
Demolition Racer (Sony PS1 PlayStation, 1999) - disco solamente;8,62 EUR;Envío gratis;Vendidos  3 ago 2021Artículo vendido;desde Estados Unidos;
Demolition Racer Sony PlayStation 1 1999 disco solamente videojuego probado PS1;7,76 EUR;Envío gratis;Vendidos  24 jul 2021Artículo vendido;desde Estados Unidos;
Demolition Racer (Sony PlayStation 1, 1999) - Completo en Caja Completo Probado Y Funcionando!;12,08 EUR;Envío gratis;Vendidos  21 jul 2021Artículo vendido;desde Estados Unidos;
Demolition Racer-Playstation 1 PS1-carreras de acción completa Black Label;8,60 EUR;+ 4,20 EUR de envío;Vendidos  20 jul 2021Artículo vendido;desde Estados Unidos;
Nuevo Sellado Demolition Racer Soundtrack CD Playstation pista sonora sólo raras;28,43 EUR;Envío gratis;Vendidos  19 jul 2021Artículo vendido;desde Estados Unidos;
Demolition Racer para PlayStation 1 PS1 Racing;6,51 EUR;Envío gratis;Vendidos  12 jul 2021Artículo vendido;desde Estados Unidos;
Demolition Racer: no Exit (Dreamcast, NTSC-U);22,09 EUR;+ 16,73 EUR de envío estimado;Vendidos  16 jul 2021Artículo vendido;desde Reino Unido;
