Chocobo Racing PS1 Playstation 1 Pal SquareSoft Final Fantasy;379,90 EUR;+20,00 EUR shipping;from France;
Chocobo Racing Genkai  Obi spine card PLAY STATION 1 PS1 NTSC JAPAN Leer;9,95 EUR;+14,95 EUR shipping;from Spain;
Playstation PS1 - Chocobo Racing: Genkai e no Road SquareSoft con Spine Card JP;24,90 EUR;+17,90 EUR shipping;from Spain;
Sony PS1 Playstation - Chocobo Racing: Genkai e no Road - VERSIÓN JAPÓN;14,90 EUR;+17,90 EUR shipping;from Spain;
Chocobo Racing Genkai e no Road Playstation PS1 PSX jp jap;14,99 EUR;+11,99 EUR shipping;from Spain;
**PROMO** Chocobo Racing Sony PlayStation PS1 - Very Difficult To Find PAL;345,58 EUR;+36,56 EUR shipping estimate;from United Kingdom;
Chocobo Racing Genkai e no Road (only soft) PlayStation NTSC-J Japan Import;14,99 EUR;+17,50 EUR shipping;from Spain;
Chocobo Racing Jeu Sony Playstation 1 Occasion Version NTSC-J (Japon);14,99 EUR;+6,00 EUR shipping;from France;
Chocobo Racing Game Store Promo Vintage Poster Playstation 1 PS1 Very Rare 1999 ;198,00 EUR;+21,51 EUR shipping;from Germany;
Chocobo Racing Game Store Promo Vintage Poster Playstation 1 PS1 Very Rare 1999 ;258,27 EUR;+21,51 EUR shipping;from Germany;
Chocobo Racing (Sony Playstation, PSX, PS1, 1999) - New, Sealed;172,18 EUR;+8,61 EUR shipping;from United States;
Chocobo Racing Sony PlayStation 1 PS1 Complete CIB Authentic BLACK LABEL TESTED;107,57 EUR;+4,18 EUR shipping;from United States;
Chocobo Racing PS1 (Sony PlayStation 1, 1999);108,69 EUR;+3,23 EUR shipping;from United States;
Chocobo Racing (Sony PlayStation 1, 1999) Brand New Factory Sealed;258,27 EUR;+6,97 EUR shipping;from United States;
Chocobo Racing (Sony Playstation 1, PS1) Square Soft  Complete w/ Case & Manual;107,61 EUR;+4,82 EUR shipping;from United States;
Chocobo Racing PS1 PlayStation 1 Crash Team Mario Kart COMPLETE MINT;215,19 EUR;Free shipping;from United States;
Import Sony Playstation - Chocobo Racing - Japan Japanese PSX PS1 US SELLER;12,91 EUR;+4,30 EUR shipping;from United States;
Chocobo Racing - Playstation PS1 Final Fantasy TESTED;125,69 EUR;+3,44 EUR shipping;from United States;
Chocobo Racing (Sony PlayStation 1, 1999) PS1 PSOne PSX 2 3 Black Label Reg Card;146,31 EUR;+2,54 EUR shipping;from United States;
Chocobo Racing 1999 Print / PlayStation Print Ad / Poster Official Art;11,67 EUR;Free shipping;from United States;
Chocobo Racing (Sony PlayStation 1, 1999) *MANUAL WARE* ;67,51 EUR;+10,13 EUR shipping;from Canada;
Chocobo Racing (PlayStation 1, 1999) PS1 Game Disc Only Great Condition NTSC;51,61 EUR;+4,30 EUR shipping;from United States;
Chocobo Racing (Sony PlayStation 1 PS1) WATA 9.4 A+ GRADED NEW FACTORY SEALED;3.443,67 EUR;+9,25 EUR shipping;from United States;
Chocobo Racing (Sony PlayStation 1, 1999) Disc Only;77,48 EUR;from United States;
Chocobo Racing (Sony PlayStation 1, 1999) Authentic & Complete!;111,92 EUR;+4,26 EUR shipping;from United States;
Chocobo Racing: Genkai e no Road Sony PlayStation Japan Import US Seller;17,21 EUR;from United States;
Official US PlayStation Magazine 24 September 1999 Playable Demos Chocobo Racing;12,91 EUR;+4,30 EUR shipping;from United States;
Chocobo Racing  PS1 Playstation 1 Japan Import  N.Mint/Fair  US SELLER;18,92 EUR;+2,58 EUR shipping;from United States;
Chocobo Racing (Sony PlayStation 1, 1999);54,03 EUR;+12,62 EUR shipping;from Canada;
Chocobo Racing (PlayStation PS1) - DISC ONLY Tested;51,65 EUR;+3,53 EUR shipping;from United States;
USED PS1 PS PlayStation 1 Road to Chocobo Racing ~ phantom world;17,21 EUR;Free shipping;from United States;
PLAYSTATION PS1 - Chocobo Racing: Genkai E Doesn'T Road Squaresoft With Spine;25,81 EUR;+17,22 EUR shipping;from Spain;
PS1 Chocobo Racing Playstation Japan;18,94 EUR;Free shipping;from United States;
Sony PlayStation 1 - Chocobo Racing Genkai e no Road NTSC-J Japan;18,57 EUR;+9,28 EUR shipping;from Australia;
