Sony PS1 Playstation - Arc the Lad II - Versión JAPÓN + SPINE CARD;17,90 EUR;+ 17,90 EUR de envío;desde España;
Arc the Lad-Sony PlayStation 1-NTSC JAP-B-Ware;8,03 EUR;+ 1,09 EUR de envío;desde Austria;
Arc the Lad-Sony PlayStation 1-NTSC JAP-A-Ware;8,88 EUR;+ 1,09 EUR de envío;desde Austria;
Arc the Lad III 3 - Sony Playstation PS1 JAP Japan complet (2);9,90 EUR;+ 11,00 EUR de envío;desde Francia;
Sony PS1 Playstation - Arc the Lad - Japanese Version NTSC-J;14,90 EUR;+ 19,90 EUR de envío;desde España;
Sony PS1 Playstation - Arc the Lad - Japanese Version NTSC-J;22,90 EUR;+ 19,90 EUR de envío;desde España;
Arc the Lad II 2 Sony Playstation PS1 PSone Jap NTSC;11,00 EUR;+ 27,00 EUR de envío;desde Francia;
Arc the Lad III 3 Sony Playstation PS1 PSone Jap NTSC;11,00 EUR;+ 27,00 EUR de envío;desde Francia;
Arc the Lad - PlayStation / PS1 - Avec notice - NTSC-J JAP;9,99 EUR;+ 6,45 EUR de envío;desde Francia;
Arc the Lad Sony Playstation PS1 PSone Jap NTSC;11,00 EUR;+ 27,00 EUR de envío;desde Francia;
Arc the Lad: Twilight of the Spirits - us - Playstation 2 - PS2;19,51 EUR;+ 19,95 EUR de envío;desde Países Bajos;
Arc the Lad III-Sony PlayStation 1-NTSC JAP-A-Ware;10,59 EUR;+ 0,99 EUR de envío;desde Austria;
Arc the Lad-Sony PlayStation 1-NTSC JAP-B-Ware;8,98 EUR;+ 1,09 EUR de envío;desde Austria;
Arc the Lad: Generation JPN - Playstation 2 - PS2 - JP;7,95 EUR;+ 19,95 EUR de envío;desde Países Bajos;
Arc the Lad: Seirei no Koukon - Japans - Playstation 2 - PS2 - JP;5,95 EUR;+ 19,95 EUR de envío;desde Países Bajos;
Arc the Lad Generation PlayStation 2 NTSC-J Japan Import;19,99 EUR;+ 19,50 EUR de envío;desde España;
Arc the Lad PlayStation the Best PlayStation NTSC-J Japan Import;17,99 EUR;+ 18,50 EUR de envío;desde España;
Arc the Lad 3 III PS1 Play Station PSX jap;9,95 EUR;+ 19,95 EUR de envío;desde España;
Arc the Lad 2 PS1 Play Station jap;9,95 EUR;+ 19,95 EUR de envío;desde España;
