Boku no Natsuyasumi Video Juego Para Sony PlayStation PS1 japonés 10088;34,89 EUR;+ 16,96 EUR de envío estimado;Vendidos  27 sep 2021Artículo vendido;desde Reino Unido;
PS3 Boku no Natsuyasumi 3 PlayStation 3 el mejor Usado Con Caja, Manual Japón Importación;62,22 EUR;Envío internacional gratis;Vendidos  15 sep 2021Artículo vendido;desde Japón;
Boku no Natsuyasumi con columna (Sony Playstation 1,2000) de Japón;16,05 EUR;+ 6,04 EUR de envío;Vendidos  30 ago 2021Artículo vendido;desde Japón;
Boku no Natsuyasumi mis vacaciones de verano 2 Japón Sony Playstation 2 PS2 Juego;7,33 EUR;+ 9,75 EUR de envío;Vendidos  29 ago 2021Artículo vendido;desde Países Bajos;
Boku no Natsuyasumi 2 Completo en Caja Completo En Caja Japón ver PS2 PlayStation 2;15,53 EUR;+ 3,58 EUR de envío;Vendidos  15 ago 2021Artículo vendido;desde Estados Unidos;
Boku no Natsuyasumi Japón Playstation 2 PS2 Muy Buen Estado!;8,62 EUR;+ 9,32 EUR de envío;Vendidos  15 ago 2021Artículo vendido;desde Japón;
Playstation Boku no Natsuyasumi Mi Verano Vacaciones Playstation PS1 Japón Importación;16,39 EUR;+ 13,81 EUR de envío;Vendidos  2 ago 2021Artículo vendido;desde Japón;
Boku no Natsuyasumi Japón Playstation 2 PS2 Muy Buen Estado!;8,62 EUR;+ 9,32 EUR de envío;Vendidos  2 ago 2021Artículo vendido;desde Japón;
Boku no Natsuyasumi 3 mis vacaciones de verano 3 PS3 Playstation 3 Japón Importación;60,39 EUR;Envío internacional gratis;Vendidos  22 jul 2021Artículo vendido;desde Japón;
Boku no Natsuyasumi Playstation 1 PS1 Japón;6,21 EUR;+ 10,10 EUR de envío;Vendidos  17 jul 2021Artículo vendido;desde Japón;
