Ape Escape 3 Ps2 PlayStation 2 PAL ITA Usato Come Nuovo Completo Sony ;34,90 EUR;+ 30,00 EUR de envío;desde Italia;
Ape Escape Gioco per Play Station 1;50,00 EUR;Envío no especificado;desde Italia;
SONY PLAYSTATION 2 PS2 - Ape Escape 3 - Versión Japón SONY ;19,90 EUR;+ 17,90 EUR de envío;desde España;
Jeu Ape Escape On The Move [JAP] sur PlayStation 3 / PS3 NEUF sous Blister;29,99 EUR;+ 8,95 EUR de envío;desde Francia;
Sony PS1 Playstation - Ape Escape THE BEST - VERSIÓN JAPÓN CON SPINE CARD;15,90 EUR;+ 17,90 EUR de envío;desde España;
Ape Escape 2 PS2 Play Station 2 Pal ESPAÑOL;59,95 EUR;+ 19,95 EUR de envío;desde España;
Ape Escape - Playstation 1 - PS1;40,76 EUR;+ 19,95 EUR de envío;desde Países Bajos;
Ape Escape PS3 PLAYSTATION 3 (Move Requerido);26,20 EUR;Envío internacional gratis;desde Reino Unido;
Ape Escape Playstation 3 Move;9,99 EUR;+ 6,75 EUR de envío;desde Austria;
Ape Escape Playstation 3 PS3;12,50 EUR;+ 12,00 EUR de envío;desde Países Bajos;
APE ESCAPE PS1 Promo Sony PlayStation 1 promocional Ape Escape Etiqueta Negra Rara;69,79 EUR;+ 19,20 EUR de envío;desde Reino Unido;
Ape Escape PlayStation 3 - Ps3 ;26,90 EUR;+ 15,00 EUR de envío;desde Italia;
Ape Escape - Promo Gioco Completo - New - PlayStation 1 - PSX;49,90 EUR;Envío no especificado;desde Italia;
Jeu Ape Escape 2 pour Sony Playstation 2 . PS2 Complet CIB - Floto Games;39,90 EUR;+ 5,00 EUR de envío;desde Francia;
Ape Escape CIB PS3  PAL - Complete in Box PlayStation Move *REGION FREE*;20,00 EUR;+ 14,50 EUR de envío;desde Países Bajos;
McDonald's Demo 2 Sony Playstation 1, Ape Escape, Ace Combat, FIFA etc raro;11,58 EUR;+ 16,54 EUR de envío estimado;desde Reino Unido;
Playstation 3 Juego-Ape Escape (excelente condición de sellado) UK PAL PS3;93,06 EUR;+ 13,32 EUR de envío;desde Reino Unido;
Ape Escape: On the Loose GER - Playstation Portable - PSP - Playstation Portable;11,01 EUR;+ 19,95 EUR de envío;desde Países Bajos;
*CD Seul* - Ape Escape 2 - PlayStation 2 PS2 - PAL;16,90 EUR;+ 5,70 EUR de envío;desde Francia;
Ape Escape Academy - Playstation Portable - PSP - Playstation Portable - PSP;10,88 EUR;+ 19,95 EUR de envío;desde Países Bajos;
PS2 Sony Playstation 2 juego Ape Escape En Caja;19,77 EUR;Envío internacional gratis;desde Alemania;
PS2 Ape Escape 3 Saru te PlayStation 2 japonés Importado De Japón;23,26 EUR;+ 20,83 EUR de envío estimado;desde Reino Unido;
Juego de Playstation 1 Ape Escape con manual de instrucciones Ps1;38,33 EUR;+ 25,58 EUR de envío;desde Reino Unido;
PSP Ape Escape P PLAYSTATION SONY PAL FR UMD SEUL;20,00 EUR;+ 10,00 EUR de envío;desde Francia;
PS2 / Sony Playstation 2 jeu - Ape Escape 3 dans l'emballage utilisé;57,99 EUR;Envío internacional gratis;desde Alemania;
Revista OFICIAL PLAYSTATION 2 PS2 demostración de juegos disco 29 de enero de 2003 - * Ape Escape 2 *;1,73 EUR;+ 17,89 EUR de envío estimado;desde Reino Unido;
