Dance Dance Revolution Konamix Sony PlayStation 1 2002 completa probada;7,62 EUR;+¬†4,20 EUR de env√≠o;Vendidos  27 sep 2021Art√≠culo vendido;desde Estados Unidos;
Dance Dance Revolution Konamix-PS1 Playstation Completa;8,56 EUR;Env√≠o gratis;Vendidos  22 sep 2021Art√≠culo vendido;desde Estados Unidos;
Dance Dance Revolution Konamix PlayStation 1 PS1 Completo newcase Greatest Hits;11,13 EUR;Env√≠o gratis;Vendidos  20 sep 2021Art√≠culo vendido;desde Estados Unidos;
Dance Dance Revolution Konamix Sony PlayStation 1 2002 completa probada;11,12 EUR;Env√≠o gratis;Vendidos  8 sep 2021Art√≠culo vendido;desde Estados Unidos;
Dance Dance Revolution Konamix (Sony PlayStation 1, 2002) - Sellado Nueva;12,85 EUR;+¬†4,45 EUR de env√≠o;Vendidos  6 sep 2021Art√≠culo vendido;desde Estados Unidos;
Dance Dance Revolution Konamix Sony PlayStation 1 PS1-probado! nave R√ÅPIDA üöÄ;6,84 EUR;Env√≠o gratis;Vendidos  4 sep 2021Art√≠culo vendido;desde Estados Unidos;
Dance Dance Revolution Konamix (Sony PlayStation, 2002) PS1, completa DDR Probado;9,41 EUR;Env√≠o gratis;Vendidos  1 sep 2021Art√≠culo vendido;desde Estados Unidos;
Dance Dance Revolution Konamix-PS1 Playstation Completa;7,67 EUR;Env√≠o gratis;Vendidos  28 ago 2021Art√≠culo vendido;desde Estados Unidos;
Dance Dance Revolution Konamix (Sony PlayStation 1, 2002);7,71 EUR;+¬†12,85 EUR de env√≠o;Vendidos  25 ago 2021Art√≠culo vendido;desde Canad√°;
Dance Dance Revolution Konamix (Sony PlayStation 1, 2002);4,28 EUR;+¬†4,75 EUR de env√≠o;Vendidos  19 ago 2021Art√≠culo vendido;desde Estados Unidos;
Dance Dance Revolution Konamix-PS1 Playstation Completa;9,21 EUR;Env√≠o gratis;Vendidos  14 ago 2021Art√≠culo vendido;desde Estados Unidos;
Dance Dance Revolution Konamix (Sony PlayStation, 2002) PS1 Cartucho en Caja Completa;9,34 EUR;Env√≠o gratis;Vendidos  12 ago 2021Art√≠culo vendido;desde Estados Unidos;
Dance Dance Revolution Konamix (Sony PlayStation 1 PS1) Completa;7,67 EUR;Env√≠o gratis;Vendidos  11 ago 2021Art√≠culo vendido;desde Estados Unidos;
Dance Dance Revolution Konamix (Sony PlayStation 1, 2002) - Sellado Nueva;5,99 EUR;Env√≠o gratis;Vendidos  8 ago 2021Art√≠culo vendido;desde Estados Unidos;
Dance Dance Revolution Konamix DDR-Completa PlayStation 1 PS1 Juego;9,25 EUR;Env√≠o gratis;Vendidos  1 ago 2021Art√≠culo vendido;desde Estados Unidos;
Dance Dance Revolution Konamix (Sony PlayStation, 2002) PS1 Cartucho en Caja Completa;6,85 EUR;Env√≠o gratis;Vendidos  26 jul 2021Art√≠culo vendido;desde Estados Unidos;
Dance Dance Revolution Konamix Playstation 1 Juego Completo;5,13 EUR;+¬†5,31 EUR de env√≠o;Vendidos  25 jul 2021Art√≠culo vendido;desde Estados Unidos;
Dance Dance Revolution Konamix (SONY PLAYSTATION 1, de 2002, PS1) -! env√≠o Gratis!;4,28 EUR;Env√≠o gratis;Vendidos  18 jul 2021Art√≠culo vendido;desde Estados Unidos;
Dance Dance Revolution Konamix (Sony PlayStation, 2002) PS1 Cartucho en Caja Completa;11,13 EUR;+¬†2,73 EUR de env√≠o;Vendidos  15 jul 2021Art√≠culo vendido;desde Estados Unidos;
Playstation DDR Dance Dance Revolution Konamix Juego Completo;8,56 EUR;Env√≠o gratis;Vendidos  9 jul 2021Art√≠culo vendido;desde Estados Unidos;
Dance Dance Revolution Konamix (Sony PlayStation 1, 2002) Disco Solamente;6,29 EUR;Env√≠o gratis;Vendidos  3 jul 2021Art√≠culo vendido;desde Estados Unidos;
